USE [PacksiDb]
GO
SET IDENTITY_INSERT [dbo].[UserAccount] ON 
GO
INSERT [dbo].[UserAccount] ([UserAccountId], [TelegramId], [TelegramUserName], [Avatar], [ReferredByUserId], [UserName], [Password], [Email], [ConfirmEmail], [PhonePrefix], [PhoneNumber], [ConfirmPhoneNumber], [TwoFactorEnabled], [SecurityStamp], [InviteCode], [LastLoginTime], [SecurityCode], [ExpireSecurityCode], [FailedAttempts], [LockedTime], [InvitedByManagerId], [CreatedByIp], [CreatedByUserId], [CreatedDateTime], [ModifiedByIp], [ModifiedByUserId], [ModifiedDateTime], [IsActive], [IsDeleted]) VALUES (1, 5933914644, NULL, N'https://api.packsi.net/uploads/5933914644/5933914644.jpg', NULL, N'+19137017187', NULL, NULL, 0, N'+1', N'9137017187', 1, 0, NULL, N'yTYpqf', NULL, NULL, NULL, 0, NULL, NULL, N'127.0.0.1      ', NULL, CAST(N'2025-09-26T20:41:34.5796991+00:00' AS DateTimeOffset), N'127.0.0.1      ', NULL, CAST(N'2025-09-26T20:41:45.0845195+00:00' AS DateTimeOffset), 1, 0)
GO
INSERT [dbo].[UserAccount] ([UserAccountId], [TelegramId], [TelegramUserName], [Avatar], [ReferredByUserId], [UserName], [Password], [Email], [ConfirmEmail], [PhonePrefix], [PhoneNumber], [ConfirmPhoneNumber], [TwoFactorEnabled], [SecurityStamp], [InviteCode], [LastLoginTime], [SecurityCode], [ExpireSecurityCode], [FailedAttempts], [LockedTime], [InvitedByManagerId], [CreatedByIp], [CreatedByUserId], [CreatedDateTime], [ModifiedByIp], [ModifiedByUserId], [ModifiedDateTime], [IsActive], [IsDeleted]) VALUES (2, 1030212127, N'Shahram0weisy', N'https://api.packsi.net/uploads/1030212127/1030212127.jpg', 5933914644, N'+989190693530', NULL, NULL, 0, N'+98', N'9190693530', 1, 0, NULL, N'0rM11r', NULL, NULL, NULL, 0, NULL, NULL, N'127.0.0.1      ', NULL, CAST(N'2025-09-28T16:10:44.4936109+00:00' AS DateTimeOffset), N'127.0.0.1      ', NULL, CAST(N'2025-09-28T16:10:55.5212377+00:00' AS DateTimeOffset), 1, 0)
GO
INSERT [dbo].[UserAccount] ([UserAccountId], [TelegramId], [TelegramUserName], [Avatar], [ReferredByUserId], [UserName], [Password], [Email], [ConfirmEmail], [PhonePrefix], [PhoneNumber], [ConfirmPhoneNumber], [TwoFactorEnabled], [SecurityStamp], [InviteCode], [LastLoginTime], [SecurityCode], [ExpireSecurityCode], [FailedAttempts], [LockedTime], [InvitedByManagerId], [CreatedByIp], [CreatedByUserId], [CreatedDateTime], [ModifiedByIp], [ModifiedByUserId], [ModifiedDateTime], [IsActive], [IsDeleted]) VALUES (3, 8485914744, N'PacksiSupport', N'https://api.packsi.net/uploads/8485914744/8485914744.jpg', 5933914644, N'+13213453459', NULL, NULL, 0, N'+1', N'3213453459', 1, 0, NULL, N'I7OWdN', NULL, NULL, NULL, 0, NULL, NULL, N'127.0.0.1      ', NULL, CAST(N'2025-09-26T20:44:01.1117956+00:00' AS DateTimeOffset), N'127.0.0.1      ', NULL, CAST(N'2025-09-26T20:44:04.2060849+00:00' AS DateTimeOffset), 1, 0)
GO
INSERT [dbo].[UserAccount] ([UserAccountId], [TelegramId], [TelegramUserName], [Avatar], [ReferredByUserId], [UserName], [Password], [Email], [ConfirmEmail], [PhonePrefix], [PhoneNumber], [ConfirmPhoneNumber], [TwoFactorEnabled], [SecurityStamp], [InviteCode], [LastLoginTime], [SecurityCode], [ExpireSecurityCode], [FailedAttempts], [LockedTime], [InvitedByManagerId], [CreatedByIp], [CreatedByUserId], [CreatedDateTime], [ModifiedByIp], [ModifiedByUserId], [ModifiedDateTime], [IsActive], [IsDeleted]) VALUES (4, 1897629329, NULL, N'https://api.packsi.net/uploads/1897629329/1897629329.jpg', 5933914644, NULL, NULL, NULL, 0, NULL, NULL, 0, 0, NULL, N'12krXC', NULL, NULL, NULL, 0, NULL, NULL, N'127.0.0.1      ', NULL, CAST(N'2025-09-26T21:08:13.7330998+00:00' AS DateTimeOffset), NULL, NULL, NULL, 1, 0)
GO
INSERT [dbo].[UserAccount] ([UserAccountId], [TelegramId], [TelegramUserName], [Avatar], [ReferredByUserId], [UserName], [Password], [Email], [ConfirmEmail], [PhonePrefix], [PhoneNumber], [ConfirmPhoneNumber], [TwoFactorEnabled], [SecurityStamp], [InviteCode], [LastLoginTime], [SecurityCode], [ExpireSecurityCode], [FailedAttempts], [LockedTime], [InvitedByManagerId], [CreatedByIp], [CreatedByUserId], [CreatedDateTime], [ModifiedByIp], [ModifiedByUserId], [ModifiedDateTime], [IsActive], [IsDeleted]) VALUES (5, 576436374, N'RhodyRhodNX', NULL, NULL, NULL, NULL, NULL, 0, NULL, NULL, 0, 0, NULL, N'axGJzL', NULL, NULL, NULL, 0, NULL, NULL, N'127.0.0.1      ', NULL, CAST(N'2025-09-27T22:27:06.3509829+00:00' AS DateTimeOffset), NULL, NULL, NULL, 1, 0)
GO
INSERT [dbo].[UserAccount] ([UserAccountId], [TelegramId], [TelegramUserName], [Avatar], [ReferredByUserId], [UserName], [Password], [Email], [ConfirmEmail], [PhonePrefix], [PhoneNumber], [ConfirmPhoneNumber], [TwoFactorEnabled], [SecurityStamp], [InviteCode], [LastLoginTime], [SecurityCode], [ExpireSecurityCode], [FailedAttempts], [LockedTime], [InvitedByManagerId], [CreatedByIp], [CreatedByUserId], [CreatedDateTime], [ModifiedByIp], [ModifiedByUserId], [ModifiedDateTime], [IsActive], [IsDeleted]) VALUES (6, 61752134, N'laleh1071', N'https://api.packsi.net/uploads/61752134/61752134.jpg', 5933914644, N'+989132199082', NULL, NULL, 0, N'+98', N'9132199082', 1, 0, NULL, N'sWSQYE', NULL, NULL, NULL, 0, NULL, NULL, N'127.0.0.1      ', NULL, CAST(N'2025-09-28T04:08:22.4384137+00:00' AS DateTimeOffset), N'127.0.0.1      ', NULL, CAST(N'2025-09-28T04:21:14.5616947+00:00' AS DateTimeOffset), 1, 0)
GO
INSERT [dbo].[UserAccount] ([UserAccountId], [TelegramId], [TelegramUserName], [Avatar], [ReferredByUserId], [UserName], [Password], [Email], [ConfirmEmail], [PhonePrefix], [PhoneNumber], [ConfirmPhoneNumber], [TwoFactorEnabled], [SecurityStamp], [InviteCode], [LastLoginTime], [SecurityCode], [ExpireSecurityCode], [FailedAttempts], [LockedTime], [InvitedByManagerId], [CreatedByIp], [CreatedByUserId], [CreatedDateTime], [ModifiedByIp], [ModifiedByUserId], [ModifiedDateTime], [IsActive], [IsDeleted]) VALUES (7, 7384223117, N'Lalleh1071', N'https://api.packsi.net/uploads/7384223117/7384223117.jpg', NULL, N'+14374501071', NULL, NULL, 0, N'+1', N'4374501071', 1, 0, NULL, N'SDUHFR', NULL, NULL, NULL, 0, NULL, NULL, N'127.0.0.1      ', NULL, CAST(N'2025-09-28T04:12:27.3522453+00:00' AS DateTimeOffset), N'127.0.0.1      ', NULL, CAST(N'2025-09-28T04:12:32.7731794+00:00' AS DateTimeOffset), 1, 0)
GO
INSERT [dbo].[UserAccount] ([UserAccountId], [TelegramId], [TelegramUserName], [Avatar], [ReferredByUserId], [UserName], [Password], [Email], [ConfirmEmail], [PhonePrefix], [PhoneNumber], [ConfirmPhoneNumber], [TwoFactorEnabled], [SecurityStamp], [InviteCode], [LastLoginTime], [SecurityCode], [ExpireSecurityCode], [FailedAttempts], [LockedTime], [InvitedByManagerId], [CreatedByIp], [CreatedByUserId], [CreatedDateTime], [ModifiedByIp], [ModifiedByUserId], [ModifiedDateTime], [IsActive], [IsDeleted]) VALUES (8, 7417002556, N'Siadooooneh', NULL, NULL, N'+989362122341', NULL, NULL, 0, N'+98', N'9362122341', 1, 0, NULL, N'S1jJXT', NULL, NULL, NULL, 0, NULL, NULL, N'127.0.0.1      ', NULL, CAST(N'2025-09-28T04:18:22.8806132+00:00' AS DateTimeOffset), N'127.0.0.1      ', NULL, CAST(N'2025-09-28T04:18:25.6635062+00:00' AS DateTimeOffset), 1, 0)
GO
INSERT [dbo].[UserAccount] ([UserAccountId], [TelegramId], [TelegramUserName], [Avatar], [ReferredByUserId], [UserName], [Password], [Email], [ConfirmEmail], [PhonePrefix], [PhoneNumber], [ConfirmPhoneNumber], [TwoFactorEnabled], [SecurityStamp], [InviteCode], [LastLoginTime], [SecurityCode], [ExpireSecurityCode], [FailedAttempts], [LockedTime], [InvitedByManagerId], [CreatedByIp], [CreatedByUserId], [CreatedDateTime], [ModifiedByIp], [ModifiedByUserId], [ModifiedDateTime], [IsActive], [IsDeleted]) VALUES (9, 7854595503, N'Jalehm89', N'https://api.packsi.net/uploads/7854595503/7854595503.jpg', NULL, N'+14374381740', NULL, NULL, 0, N'+1', N'4374381740', 1, 0, NULL, N'3mifLx', NULL, NULL, NULL, 0, NULL, NULL, N'127.0.0.1      ', NULL, CAST(N'2025-09-28T13:33:13.2757656+00:00' AS DateTimeOffset), N'127.0.0.1      ', NULL, CAST(N'2025-09-28T13:33:21.5074118+00:00' AS DateTimeOffset), 1, 0)
GO
INSERT [dbo].[UserAccount] ([UserAccountId], [TelegramId], [TelegramUserName], [Avatar], [ReferredByUserId], [UserName], [Password], [Email], [ConfirmEmail], [PhonePrefix], [PhoneNumber], [ConfirmPhoneNumber], [TwoFactorEnabled], [SecurityStamp], [InviteCode], [LastLoginTime], [SecurityCode], [ExpireSecurityCode], [FailedAttempts], [LockedTime], [InvitedByManagerId], [CreatedByIp], [CreatedByUserId], [CreatedDateTime], [ModifiedByIp], [ModifiedByUserId], [ModifiedDateTime], [IsActive], [IsDeleted]) VALUES (10, 7189056632, NULL, NULL, NULL, N'+989372199239', NULL, NULL, 0, N'+98', N'9372199239', 1, 0, NULL, N'm3Un5V', NULL, NULL, NULL, 0, NULL, NULL, N'127.0.0.1      ', NULL, CAST(N'2025-09-28T13:38:32.4444400+00:00' AS DateTimeOffset), N'127.0.0.1      ', NULL, CAST(N'2025-09-28T13:38:35.3646009+00:00' AS DateTimeOffset), 1, 0)
GO
INSERT [dbo].[UserAccount] ([UserAccountId], [TelegramId], [TelegramUserName], [Avatar], [ReferredByUserId], [UserName], [Password], [Email], [ConfirmEmail], [PhonePrefix], [PhoneNumber], [ConfirmPhoneNumber], [TwoFactorEnabled], [SecurityStamp], [InviteCode], [LastLoginTime], [SecurityCode], [ExpireSecurityCode], [FailedAttempts], [LockedTime], [InvitedByManagerId], [CreatedByIp], [CreatedByUserId], [CreatedDateTime], [ModifiedByIp], [ModifiedByUserId], [ModifiedDateTime], [IsActive], [IsDeleted]) VALUES (11, 37420931, N'Jaleh_m89', N'https://api.packsi.net/uploads/37420931/37420931.jpg', NULL, N'+989103003540', NULL, NULL, 0, N'+98', N'9103003540', 1, 0, NULL, N'DYfFUa', NULL, NULL, NULL, 0, NULL, NULL, N'127.0.0.1      ', NULL, CAST(N'2025-09-28T13:40:27.9611214+00:00' AS DateTimeOffset), N'127.0.0.1      ', NULL, CAST(N'2025-09-28T13:40:30.6989327+00:00' AS DateTimeOffset), 1, 0)
GO
INSERT [dbo].[UserAccount] ([UserAccountId], [TelegramId], [TelegramUserName], [Avatar], [ReferredByUserId], [UserName], [Password], [Email], [ConfirmEmail], [PhonePrefix], [PhoneNumber], [ConfirmPhoneNumber], [TwoFactorEnabled], [SecurityStamp], [InviteCode], [LastLoginTime], [SecurityCode], [ExpireSecurityCode], [FailedAttempts], [LockedTime], [InvitedByManagerId], [CreatedByIp], [CreatedByUserId], [CreatedDateTime], [ModifiedByIp], [ModifiedByUserId], [ModifiedDateTime], [IsActive], [IsDeleted]) VALUES (12, 117005369, N'Sobhan_Karimzade', NULL, NULL, N'+989133872941', NULL, NULL, 0, N'+98', N'9133872941', 1, 0, NULL, N'4XGByT', NULL, NULL, NULL, 0, NULL, NULL, N'127.0.0.1      ', NULL, CAST(N'2025-09-28T17:00:10.8489518+00:00' AS DateTimeOffset), N'127.0.0.1      ', NULL, CAST(N'2025-09-28T17:00:18.5114583+00:00' AS DateTimeOffset), 1, 0)
GO
INSERT [dbo].[UserAccount] ([UserAccountId], [TelegramId], [TelegramUserName], [Avatar], [ReferredByUserId], [UserName], [Password], [Email], [ConfirmEmail], [PhonePrefix], [PhoneNumber], [ConfirmPhoneNumber], [TwoFactorEnabled], [SecurityStamp], [InviteCode], [LastLoginTime], [SecurityCode], [ExpireSecurityCode], [FailedAttempts], [LockedTime], [InvitedByManagerId], [CreatedByIp], [CreatedByUserId], [CreatedDateTime], [ModifiedByIp], [ModifiedByUserId], [ModifiedDateTime], [IsActive], [IsDeleted]) VALUES (13, 187805876, NULL, NULL, NULL, N'+989386339738', NULL, NULL, 0, N'+98', N'9386339738', 1, 0, NULL, NULL, NULL, 69461, CAST(N'2025-09-29T10:58:33.3921581' AS DateTime2), 0, NULL, NULL, N'127.0.0.1      ', NULL, CAST(N'2025-09-29T10:48:33.4613062+00:00' AS DateTimeOffset), N'127.0.0.1      ', NULL, CAST(N'2025-09-29T10:52:01.4579978+00:00' AS DateTimeOffset), 1, 0)
GO
SET IDENTITY_INSERT [dbo].[UserAccount] OFF
GO
SET IDENTITY_INSERT [dbo].[Country] ON 
GO
INSERT [dbo].[Country] ([CountryId], [Flag], [PersianName], [Name], [PhonePrefix], [IsoCode], [CreatedByIp], [CreatedByUserId], [CreatedDateTime], [ModifiedByIp], [ModifiedByUserId], [ModifiedDateTime], [IsActive], [IsDeleted]) VALUES (1, N'Iran.png', N'ایران', N'Iran', N'+98', N'IR', NULL, NULL, CAST(N'0001-01-01T00:00:00.0000000+00:00' AS DateTimeOffset), NULL, NULL, NULL, 1, 0)
GO
INSERT [dbo].[Country] ([CountryId], [Flag], [PersianName], [Name], [PhonePrefix], [IsoCode], [CreatedByIp], [CreatedByUserId], [CreatedDateTime], [ModifiedByIp], [ModifiedByUserId], [ModifiedDateTime], [IsActive], [IsDeleted]) VALUES (2, N'Germany.png', N'آلمان', N'Germany', N'+49', N'DE', NULL, NULL, CAST(N'0001-01-01T00:00:00.0000000+00:00' AS DateTimeOffset), NULL, NULL, NULL, 1, 0)
GO
INSERT [dbo].[Country] ([CountryId], [Flag], [PersianName], [Name], [PhonePrefix], [IsoCode], [CreatedByIp], [CreatedByUserId], [CreatedDateTime], [ModifiedByIp], [ModifiedByUserId], [ModifiedDateTime], [IsActive], [IsDeleted]) VALUES (3, N'Portugal.png', N'پرتغال', N'Portugal', N'+351', N'PT', NULL, NULL, CAST(N'0001-01-01T00:00:00.0000000+00:00' AS DateTimeOffset), NULL, NULL, NULL, 1, 0)
GO
INSERT [dbo].[Country] ([CountryId], [Flag], [PersianName], [Name], [PhonePrefix], [IsoCode], [CreatedByIp], [CreatedByUserId], [CreatedDateTime], [ModifiedByIp], [ModifiedByUserId], [ModifiedDateTime], [IsActive], [IsDeleted]) VALUES (4, N'France.png', N'فرانسه', N'France', N'+33', N'FR', NULL, NULL, CAST(N'0001-01-01T00:00:00.0000000+00:00' AS DateTimeOffset), NULL, NULL, NULL, 1, 0)
GO
INSERT [dbo].[Country] ([CountryId], [Flag], [PersianName], [Name], [PhonePrefix], [IsoCode], [CreatedByIp], [CreatedByUserId], [CreatedDateTime], [ModifiedByIp], [ModifiedByUserId], [ModifiedDateTime], [IsActive], [IsDeleted]) VALUES (5, N'Italy.png', N'ایتالیا', N'Italy', N'+39', N'IT', NULL, NULL, CAST(N'0001-01-01T00:00:00.0000000+00:00' AS DateTimeOffset), NULL, NULL, NULL, 1, 0)
GO
INSERT [dbo].[Country] ([CountryId], [Flag], [PersianName], [Name], [PhonePrefix], [IsoCode], [CreatedByIp], [CreatedByUserId], [CreatedDateTime], [ModifiedByIp], [ModifiedByUserId], [ModifiedDateTime], [IsActive], [IsDeleted]) VALUES (6, N'Switzerland.png', N'سوئیس', N'Switzerland', N'+41', N'CH', NULL, NULL, CAST(N'0001-01-01T00:00:00.0000000+00:00' AS DateTimeOffset), NULL, NULL, NULL, 1, 0)
GO
INSERT [dbo].[Country] ([CountryId], [Flag], [PersianName], [Name], [PhonePrefix], [IsoCode], [CreatedByIp], [CreatedByUserId], [CreatedDateTime], [ModifiedByIp], [ModifiedByUserId], [ModifiedDateTime], [IsActive], [IsDeleted]) VALUES (7, N'Sweden.png', N'سوئد', N'Sweden', N'+46', N'SE', NULL, NULL, CAST(N'0001-01-01T00:00:00.0000000+00:00' AS DateTimeOffset), NULL, NULL, NULL, 1, 0)
GO
INSERT [dbo].[Country] ([CountryId], [Flag], [PersianName], [Name], [PhonePrefix], [IsoCode], [CreatedByIp], [CreatedByUserId], [CreatedDateTime], [ModifiedByIp], [ModifiedByUserId], [ModifiedDateTime], [IsActive], [IsDeleted]) VALUES (8, N'Belgium.png', N'بلژیک', N'Belgium', N'+32', N'BE', NULL, NULL, CAST(N'0001-01-01T00:00:00.0000000+00:00' AS DateTimeOffset), NULL, NULL, NULL, 1, 0)
GO
INSERT [dbo].[Country] ([CountryId], [Flag], [PersianName], [Name], [PhonePrefix], [IsoCode], [CreatedByIp], [CreatedByUserId], [CreatedDateTime], [ModifiedByIp], [ModifiedByUserId], [ModifiedDateTime], [IsActive], [IsDeleted]) VALUES (9, N'Denmark.png', N'دانمارک', N'Denmark', N'+45', N'DK', NULL, NULL, CAST(N'0001-01-01T00:00:00.0000000+00:00' AS DateTimeOffset), NULL, NULL, NULL, 1, 0)
GO
INSERT [dbo].[Country] ([CountryId], [Flag], [PersianName], [Name], [PhonePrefix], [IsoCode], [CreatedByIp], [CreatedByUserId], [CreatedDateTime], [ModifiedByIp], [ModifiedByUserId], [ModifiedDateTime], [IsActive], [IsDeleted]) VALUES (10, N'Austria.png', N'اتریش', N'Austria', N'+43', N'AT', NULL, NULL, CAST(N'0001-01-01T00:00:00.0000000+00:00' AS DateTimeOffset), NULL, NULL, NULL, 1, 0)
GO
INSERT [dbo].[Country] ([CountryId], [Flag], [PersianName], [Name], [PhonePrefix], [IsoCode], [CreatedByIp], [CreatedByUserId], [CreatedDateTime], [ModifiedByIp], [ModifiedByUserId], [ModifiedDateTime], [IsActive], [IsDeleted]) VALUES (11, N'Norway.png', N'نروژ', N'Norway', N'+47', N'NO', NULL, NULL, CAST(N'0001-01-01T00:00:00.0000000+00:00' AS DateTimeOffset), NULL, NULL, NULL, 1, 0)
GO
INSERT [dbo].[Country] ([CountryId], [Flag], [PersianName], [Name], [PhonePrefix], [IsoCode], [CreatedByIp], [CreatedByUserId], [CreatedDateTime], [ModifiedByIp], [ModifiedByUserId], [ModifiedDateTime], [IsActive], [IsDeleted]) VALUES (12, N'Afghanistan.png', N'افغانستان', N'Afghanistan', N'+93', N'AF', NULL, NULL, CAST(N'0001-01-01T00:00:00.0000000+00:00' AS DateTimeOffset), NULL, NULL, NULL, 1, 0)
GO
INSERT [dbo].[Country] ([CountryId], [Flag], [PersianName], [Name], [PhonePrefix], [IsoCode], [CreatedByIp], [CreatedByUserId], [CreatedDateTime], [ModifiedByIp], [ModifiedByUserId], [ModifiedDateTime], [IsActive], [IsDeleted]) VALUES (13, N'Canada.png', N'کانادا', N'Canada', N'+1', N'CA', NULL, NULL, CAST(N'0001-01-01T00:00:00.0000000+00:00' AS DateTimeOffset), NULL, NULL, NULL, 1, 0)
GO
INSERT [dbo].[Country] ([CountryId], [Flag], [PersianName], [Name], [PhonePrefix], [IsoCode], [CreatedByIp], [CreatedByUserId], [CreatedDateTime], [ModifiedByIp], [ModifiedByUserId], [ModifiedDateTime], [IsActive], [IsDeleted]) VALUES (14, N'Turkey.png', N'ترکیه', N'Turkey', N'+90', N'TR', NULL, NULL, CAST(N'0001-01-01T00:00:00.0000000+00:00' AS DateTimeOffset), NULL, NULL, NULL, 1, 0)
GO
INSERT [dbo].[Country] ([CountryId], [Flag], [PersianName], [Name], [PhonePrefix], [IsoCode], [CreatedByIp], [CreatedByUserId], [CreatedDateTime], [ModifiedByIp], [ModifiedByUserId], [ModifiedDateTime], [IsActive], [IsDeleted]) VALUES (15, N'China.png', N'چین', N'China', N'+86', N'CN', NULL, NULL, CAST(N'0001-01-01T00:00:00.0000000+00:00' AS DateTimeOffset), NULL, NULL, NULL, 1, 0)
GO
INSERT [dbo].[Country] ([CountryId], [Flag], [PersianName], [Name], [PhonePrefix], [IsoCode], [CreatedByIp], [CreatedByUserId], [CreatedDateTime], [ModifiedByIp], [ModifiedByUserId], [ModifiedDateTime], [IsActive], [IsDeleted]) VALUES (16, N'Iraq.png', N'عراق', N'Iraq', N'+964', N'IQ', NULL, NULL, CAST(N'0001-01-01T00:00:00.0000000+00:00' AS DateTimeOffset), NULL, NULL, NULL, 1, 0)
GO
INSERT [dbo].[Country] ([CountryId], [Flag], [PersianName], [Name], [PhonePrefix], [IsoCode], [CreatedByIp], [CreatedByUserId], [CreatedDateTime], [ModifiedByIp], [ModifiedByUserId], [ModifiedDateTime], [IsActive], [IsDeleted]) VALUES (17, N'Japan.png', N'ژاپن', N'Japan', N'+81', N'JP', NULL, NULL, CAST(N'0001-01-01T00:00:00.0000000+00:00' AS DateTimeOffset), NULL, NULL, NULL, 1, 0)
GO
INSERT [dbo].[Country] ([CountryId], [Flag], [PersianName], [Name], [PhonePrefix], [IsoCode], [CreatedByIp], [CreatedByUserId], [CreatedDateTime], [ModifiedByIp], [ModifiedByUserId], [ModifiedDateTime], [IsActive], [IsDeleted]) VALUES (18, N'Qatar.png', N'قطر', N'Qatar', N'+974', N'QA', NULL, NULL, CAST(N'0001-01-01T00:00:00.0000000+00:00' AS DateTimeOffset), NULL, NULL, NULL, 1, 0)
GO
INSERT [dbo].[Country] ([CountryId], [Flag], [PersianName], [Name], [PhonePrefix], [IsoCode], [CreatedByIp], [CreatedByUserId], [CreatedDateTime], [ModifiedByIp], [ModifiedByUserId], [ModifiedDateTime], [IsActive], [IsDeleted]) VALUES (19, N'Netherlands.png', N'هلند', N'Netherlands', N'+31', N'NL', NULL, NULL, CAST(N'0001-01-01T00:00:00.0000000+00:00' AS DateTimeOffset), NULL, NULL, NULL, 1, 0)
GO
INSERT [dbo].[Country] ([CountryId], [Flag], [PersianName], [Name], [PhonePrefix], [IsoCode], [CreatedByIp], [CreatedByUserId], [CreatedDateTime], [ModifiedByIp], [ModifiedByUserId], [ModifiedDateTime], [IsActive], [IsDeleted]) VALUES (20, N'SaudiArabia.png', N'عربستان سعودی', N'Saudi Arabia', N'+966', N'SA', NULL, NULL, CAST(N'0001-01-01T00:00:00.0000000+00:00' AS DateTimeOffset), NULL, NULL, NULL, 1, 0)
GO
INSERT [dbo].[Country] ([CountryId], [Flag], [PersianName], [Name], [PhonePrefix], [IsoCode], [CreatedByIp], [CreatedByUserId], [CreatedDateTime], [ModifiedByIp], [ModifiedByUserId], [ModifiedDateTime], [IsActive], [IsDeleted]) VALUES (21, N'SouthKorea.png', N'کره جنوبی', N'South Korea', N'+82', N'KR', NULL, NULL, CAST(N'0001-01-01T00:00:00.0000000+00:00' AS DateTimeOffset), NULL, NULL, NULL, 1, 0)
GO
INSERT [dbo].[Country] ([CountryId], [Flag], [PersianName], [Name], [PhonePrefix], [IsoCode], [CreatedByIp], [CreatedByUserId], [CreatedDateTime], [ModifiedByIp], [ModifiedByUserId], [ModifiedDateTime], [IsActive], [IsDeleted]) VALUES (22, N'Spain.png', N'اسپانیا', N'Spain', N'+34', N'ES', NULL, NULL, CAST(N'0001-01-01T00:00:00.0000000+00:00' AS DateTimeOffset), NULL, NULL, NULL, 1, 0)
GO
INSERT [dbo].[Country] ([CountryId], [Flag], [PersianName], [Name], [PhonePrefix], [IsoCode], [CreatedByIp], [CreatedByUserId], [CreatedDateTime], [ModifiedByIp], [ModifiedByUserId], [ModifiedDateTime], [IsActive], [IsDeleted]) VALUES (23, N'UnitedArabEmirates.png', N'امارات متحده عربی', N'United Arab Emirates', N'+971', N'AE', NULL, NULL, CAST(N'0001-01-01T00:00:00.0000000+00:00' AS DateTimeOffset), NULL, NULL, NULL, 1, 0)
GO
INSERT [dbo].[Country] ([CountryId], [Flag], [PersianName], [Name], [PhonePrefix], [IsoCode], [CreatedByIp], [CreatedByUserId], [CreatedDateTime], [ModifiedByIp], [ModifiedByUserId], [ModifiedDateTime], [IsActive], [IsDeleted]) VALUES (24, N'UnitedKingdom.png', N'بریتانیا', N'United Kingdom', N'+44', N'GB', NULL, NULL, CAST(N'0001-01-01T00:00:00.0000000+00:00' AS DateTimeOffset), NULL, NULL, NULL, 1, 0)
GO
INSERT [dbo].[Country] ([CountryId], [Flag], [PersianName], [Name], [PhonePrefix], [IsoCode], [CreatedByIp], [CreatedByUserId], [CreatedDateTime], [ModifiedByIp], [ModifiedByUserId], [ModifiedDateTime], [IsActive], [IsDeleted]) VALUES (25, N'UnitedStates.png', N'ایالات متحده', N'United States', N'+1', N'US', NULL, NULL, CAST(N'0001-01-01T00:00:00.0000000+00:00' AS DateTimeOffset), NULL, NULL, NULL, 1, 0)
GO
SET IDENTITY_INSERT [dbo].[Country] OFF
GO
SET IDENTITY_INSERT [dbo].[City] ON 
GO
INSERT [dbo].[City] ([CityId], [PersianName], [Name], [CountryId], [CreatedByIp], [CreatedByUserId], [CreatedDateTime], [ModifiedByIp], [ModifiedByUserId], [ModifiedDateTime], [IsActive], [IsDeleted]) VALUES (1, N'تهران', N'Tehran', 1, NULL, NULL, CAST(N'0001-01-01T00:00:00.0000000+00:00' AS DateTimeOffset), NULL, NULL, NULL, 1, 0)
GO
INSERT [dbo].[City] ([CityId], [PersianName], [Name], [CountryId], [CreatedByIp], [CreatedByUserId], [CreatedDateTime], [ModifiedByIp], [ModifiedByUserId], [ModifiedDateTime], [IsActive], [IsDeleted]) VALUES (2, N'اصفهان', N'Isfahan', 1, NULL, NULL, CAST(N'0001-01-01T00:00:00.0000000+00:00' AS DateTimeOffset), NULL, NULL, NULL, 1, 0)
GO
INSERT [dbo].[City] ([CityId], [PersianName], [Name], [CountryId], [CreatedByIp], [CreatedByUserId], [CreatedDateTime], [ModifiedByIp], [ModifiedByUserId], [ModifiedDateTime], [IsActive], [IsDeleted]) VALUES (3, N'شیراز', N'Shiraz', 1, NULL, NULL, CAST(N'0001-01-01T00:00:00.0000000+00:00' AS DateTimeOffset), NULL, NULL, NULL, 1, 0)
GO
INSERT [dbo].[City] ([CityId], [PersianName], [Name], [CountryId], [CreatedByIp], [CreatedByUserId], [CreatedDateTime], [ModifiedByIp], [ModifiedByUserId], [ModifiedDateTime], [IsActive], [IsDeleted]) VALUES (4, N'تبریز', N'Tabriz', 1, NULL, NULL, CAST(N'0001-01-01T00:00:00.0000000+00:00' AS DateTimeOffset), NULL, NULL, NULL, 1, 0)
GO
INSERT [dbo].[City] ([CityId], [PersianName], [Name], [CountryId], [CreatedByIp], [CreatedByUserId], [CreatedDateTime], [ModifiedByIp], [ModifiedByUserId], [ModifiedDateTime], [IsActive], [IsDeleted]) VALUES (5, N'مشهد', N'Mashhad', 1, NULL, NULL, CAST(N'0001-01-01T00:00:00.0000000+00:00' AS DateTimeOffset), NULL, NULL, NULL, 1, 0)
GO
INSERT [dbo].[City] ([CityId], [PersianName], [Name], [CountryId], [CreatedByIp], [CreatedByUserId], [CreatedDateTime], [ModifiedByIp], [ModifiedByUserId], [ModifiedDateTime], [IsActive], [IsDeleted]) VALUES (6, N'اهواز', N'Ahvaz', 1, NULL, NULL, CAST(N'0001-01-01T00:00:00.0000000+00:00' AS DateTimeOffset), NULL, NULL, NULL, 1, 0)
GO
INSERT [dbo].[City] ([CityId], [PersianName], [Name], [CountryId], [CreatedByIp], [CreatedByUserId], [CreatedDateTime], [ModifiedByIp], [ModifiedByUserId], [ModifiedDateTime], [IsActive], [IsDeleted]) VALUES (7, N'قم', N'Qom', 1, NULL, NULL, CAST(N'0001-01-01T00:00:00.0000000+00:00' AS DateTimeOffset), NULL, NULL, NULL, 1, 0)
GO
INSERT [dbo].[City] ([CityId], [PersianName], [Name], [CountryId], [CreatedByIp], [CreatedByUserId], [CreatedDateTime], [ModifiedByIp], [ModifiedByUserId], [ModifiedDateTime], [IsActive], [IsDeleted]) VALUES (8, N'کرمانشاه', N'Kermanshah', 1, NULL, NULL, CAST(N'0001-01-01T00:00:00.0000000+00:00' AS DateTimeOffset), NULL, NULL, NULL, 1, 0)
GO
INSERT [dbo].[City] ([CityId], [PersianName], [Name], [CountryId], [CreatedByIp], [CreatedByUserId], [CreatedDateTime], [ModifiedByIp], [ModifiedByUserId], [ModifiedDateTime], [IsActive], [IsDeleted]) VALUES (9, N'کرج', N'Karaj', 1, NULL, NULL, CAST(N'0001-01-01T00:00:00.0000000+00:00' AS DateTimeOffset), NULL, NULL, NULL, 1, 0)
GO
INSERT [dbo].[City] ([CityId], [PersianName], [Name], [CountryId], [CreatedByIp], [CreatedByUserId], [CreatedDateTime], [ModifiedByIp], [ModifiedByUserId], [ModifiedDateTime], [IsActive], [IsDeleted]) VALUES (10, N'رشت', N'Rasht', 1, NULL, NULL, CAST(N'0001-01-01T00:00:00.0000000+00:00' AS DateTimeOffset), NULL, NULL, NULL, 1, 0)
GO
INSERT [dbo].[City] ([CityId], [PersianName], [Name], [CountryId], [CreatedByIp], [CreatedByUserId], [CreatedDateTime], [ModifiedByIp], [ModifiedByUserId], [ModifiedDateTime], [IsActive], [IsDeleted]) VALUES (11, N'ارومیه', N'Urmia', 1, NULL, NULL, CAST(N'0001-01-01T00:00:00.0000000+00:00' AS DateTimeOffset), NULL, NULL, NULL, 1, 0)
GO
INSERT [dbo].[City] ([CityId], [PersianName], [Name], [CountryId], [CreatedByIp], [CreatedByUserId], [CreatedDateTime], [ModifiedByIp], [ModifiedByUserId], [ModifiedDateTime], [IsActive], [IsDeleted]) VALUES (12, N'یزد', N'Yazd', 1, NULL, NULL, CAST(N'0001-01-01T00:00:00.0000000+00:00' AS DateTimeOffset), NULL, NULL, NULL, 1, 0)
GO
INSERT [dbo].[City] ([CityId], [PersianName], [Name], [CountryId], [CreatedByIp], [CreatedByUserId], [CreatedDateTime], [ModifiedByIp], [ModifiedByUserId], [ModifiedDateTime], [IsActive], [IsDeleted]) VALUES (13, N'کرمان', N'Kerman', 1, NULL, NULL, CAST(N'0001-01-01T00:00:00.0000000+00:00' AS DateTimeOffset), NULL, NULL, NULL, 1, 0)
GO
INSERT [dbo].[City] ([CityId], [PersianName], [Name], [CountryId], [CreatedByIp], [CreatedByUserId], [CreatedDateTime], [ModifiedByIp], [ModifiedByUserId], [ModifiedDateTime], [IsActive], [IsDeleted]) VALUES (14, N'ساری', N'Sari', 1, NULL, NULL, CAST(N'0001-01-01T00:00:00.0000000+00:00' AS DateTimeOffset), NULL, NULL, NULL, 1, 0)
GO
INSERT [dbo].[City] ([CityId], [PersianName], [Name], [CountryId], [CreatedByIp], [CreatedByUserId], [CreatedDateTime], [ModifiedByIp], [ModifiedByUserId], [ModifiedDateTime], [IsActive], [IsDeleted]) VALUES (15, N'برلین', N'Berlin', 2, NULL, NULL, CAST(N'0001-01-01T00:00:00.0000000+00:00' AS DateTimeOffset), NULL, NULL, NULL, 1, 0)
GO
INSERT [dbo].[City] ([CityId], [PersianName], [Name], [CountryId], [CreatedByIp], [CreatedByUserId], [CreatedDateTime], [ModifiedByIp], [ModifiedByUserId], [ModifiedDateTime], [IsActive], [IsDeleted]) VALUES (16, N'مونیخ', N'Munich', 2, NULL, NULL, CAST(N'0001-01-01T00:00:00.0000000+00:00' AS DateTimeOffset), NULL, NULL, NULL, 1, 0)
GO
INSERT [dbo].[City] ([CityId], [PersianName], [Name], [CountryId], [CreatedByIp], [CreatedByUserId], [CreatedDateTime], [ModifiedByIp], [ModifiedByUserId], [ModifiedDateTime], [IsActive], [IsDeleted]) VALUES (17, N'هامبورگ', N'Hamburg', 2, NULL, NULL, CAST(N'0001-01-01T00:00:00.0000000+00:00' AS DateTimeOffset), NULL, NULL, NULL, 1, 0)
GO
INSERT [dbo].[City] ([CityId], [PersianName], [Name], [CountryId], [CreatedByIp], [CreatedByUserId], [CreatedDateTime], [ModifiedByIp], [ModifiedByUserId], [ModifiedDateTime], [IsActive], [IsDeleted]) VALUES (18, N'فرانکفورت', N'Frankfurt', 2, NULL, NULL, CAST(N'0001-01-01T00:00:00.0000000+00:00' AS DateTimeOffset), NULL, NULL, NULL, 1, 0)
GO
INSERT [dbo].[City] ([CityId], [PersianName], [Name], [CountryId], [CreatedByIp], [CreatedByUserId], [CreatedDateTime], [ModifiedByIp], [ModifiedByUserId], [ModifiedDateTime], [IsActive], [IsDeleted]) VALUES (19, N'کلن', N'Cologne', 2, NULL, NULL, CAST(N'0001-01-01T00:00:00.0000000+00:00' AS DateTimeOffset), NULL, NULL, NULL, 1, 0)
GO
INSERT [dbo].[City] ([CityId], [PersianName], [Name], [CountryId], [CreatedByIp], [CreatedByUserId], [CreatedDateTime], [ModifiedByIp], [ModifiedByUserId], [ModifiedDateTime], [IsActive], [IsDeleted]) VALUES (20, N'لیسبون', N'Lisbon', 3, NULL, NULL, CAST(N'0001-01-01T00:00:00.0000000+00:00' AS DateTimeOffset), NULL, NULL, NULL, 1, 0)
GO
INSERT [dbo].[City] ([CityId], [PersianName], [Name], [CountryId], [CreatedByIp], [CreatedByUserId], [CreatedDateTime], [ModifiedByIp], [ModifiedByUserId], [ModifiedDateTime], [IsActive], [IsDeleted]) VALUES (21, N'پورتو', N'Porto', 3, NULL, NULL, CAST(N'0001-01-01T00:00:00.0000000+00:00' AS DateTimeOffset), NULL, NULL, NULL, 1, 0)
GO
INSERT [dbo].[City] ([CityId], [PersianName], [Name], [CountryId], [CreatedByIp], [CreatedByUserId], [CreatedDateTime], [ModifiedByIp], [ModifiedByUserId], [ModifiedDateTime], [IsActive], [IsDeleted]) VALUES (22, N'براگا', N'Braga', 3, NULL, NULL, CAST(N'0001-01-01T00:00:00.0000000+00:00' AS DateTimeOffset), NULL, NULL, NULL, 1, 0)
GO
INSERT [dbo].[City] ([CityId], [PersianName], [Name], [CountryId], [CreatedByIp], [CreatedByUserId], [CreatedDateTime], [ModifiedByIp], [ModifiedByUserId], [ModifiedDateTime], [IsActive], [IsDeleted]) VALUES (23, N'کوییمبرا', N'Coimbra', 3, NULL, NULL, CAST(N'0001-01-01T00:00:00.0000000+00:00' AS DateTimeOffset), NULL, NULL, NULL, 1, 0)
GO
INSERT [dbo].[City] ([CityId], [PersianName], [Name], [CountryId], [CreatedByIp], [CreatedByUserId], [CreatedDateTime], [ModifiedByIp], [ModifiedByUserId], [ModifiedDateTime], [IsActive], [IsDeleted]) VALUES (24, N'پاریس', N'Paris', 4, NULL, NULL, CAST(N'0001-01-01T00:00:00.0000000+00:00' AS DateTimeOffset), NULL, NULL, NULL, 1, 0)
GO
INSERT [dbo].[City] ([CityId], [PersianName], [Name], [CountryId], [CreatedByIp], [CreatedByUserId], [CreatedDateTime], [ModifiedByIp], [ModifiedByUserId], [ModifiedDateTime], [IsActive], [IsDeleted]) VALUES (25, N'مارسی', N'Marseille', 4, NULL, NULL, CAST(N'0001-01-01T00:00:00.0000000+00:00' AS DateTimeOffset), NULL, NULL, NULL, 1, 0)
GO
INSERT [dbo].[City] ([CityId], [PersianName], [Name], [CountryId], [CreatedByIp], [CreatedByUserId], [CreatedDateTime], [ModifiedByIp], [ModifiedByUserId], [ModifiedDateTime], [IsActive], [IsDeleted]) VALUES (26, N'لیون', N'Lyon', 4, NULL, NULL, CAST(N'0001-01-01T00:00:00.0000000+00:00' AS DateTimeOffset), NULL, NULL, NULL, 1, 0)
GO
INSERT [dbo].[City] ([CityId], [PersianName], [Name], [CountryId], [CreatedByIp], [CreatedByUserId], [CreatedDateTime], [ModifiedByIp], [ModifiedByUserId], [ModifiedDateTime], [IsActive], [IsDeleted]) VALUES (27, N'تولوز', N'Toulouse', 4, NULL, NULL, CAST(N'0001-01-01T00:00:00.0000000+00:00' AS DateTimeOffset), NULL, NULL, NULL, 1, 0)
GO
INSERT [dbo].[City] ([CityId], [PersianName], [Name], [CountryId], [CreatedByIp], [CreatedByUserId], [CreatedDateTime], [ModifiedByIp], [ModifiedByUserId], [ModifiedDateTime], [IsActive], [IsDeleted]) VALUES (28, N'نیس', N'Nice', 4, NULL, NULL, CAST(N'0001-01-01T00:00:00.0000000+00:00' AS DateTimeOffset), NULL, NULL, NULL, 1, 0)
GO
INSERT [dbo].[City] ([CityId], [PersianName], [Name], [CountryId], [CreatedByIp], [CreatedByUserId], [CreatedDateTime], [ModifiedByIp], [ModifiedByUserId], [ModifiedDateTime], [IsActive], [IsDeleted]) VALUES (29, N'رم', N'Rome', 5, NULL, NULL, CAST(N'0001-01-01T00:00:00.0000000+00:00' AS DateTimeOffset), NULL, NULL, NULL, 1, 0)
GO
INSERT [dbo].[City] ([CityId], [PersianName], [Name], [CountryId], [CreatedByIp], [CreatedByUserId], [CreatedDateTime], [ModifiedByIp], [ModifiedByUserId], [ModifiedDateTime], [IsActive], [IsDeleted]) VALUES (30, N'میلان', N'Milan', 5, NULL, NULL, CAST(N'0001-01-01T00:00:00.0000000+00:00' AS DateTimeOffset), NULL, NULL, NULL, 1, 0)
GO
INSERT [dbo].[City] ([CityId], [PersianName], [Name], [CountryId], [CreatedByIp], [CreatedByUserId], [CreatedDateTime], [ModifiedByIp], [ModifiedByUserId], [ModifiedDateTime], [IsActive], [IsDeleted]) VALUES (31, N'ناپل', N'Naples', 5, NULL, NULL, CAST(N'0001-01-01T00:00:00.0000000+00:00' AS DateTimeOffset), NULL, NULL, NULL, 1, 0)
GO
INSERT [dbo].[City] ([CityId], [PersianName], [Name], [CountryId], [CreatedByIp], [CreatedByUserId], [CreatedDateTime], [ModifiedByIp], [ModifiedByUserId], [ModifiedDateTime], [IsActive], [IsDeleted]) VALUES (32, N'تورین', N'Turin', 5, NULL, NULL, CAST(N'0001-01-01T00:00:00.0000000+00:00' AS DateTimeOffset), NULL, NULL, NULL, 1, 0)
GO
INSERT [dbo].[City] ([CityId], [PersianName], [Name], [CountryId], [CreatedByIp], [CreatedByUserId], [CreatedDateTime], [ModifiedByIp], [ModifiedByUserId], [ModifiedDateTime], [IsActive], [IsDeleted]) VALUES (33, N'فلورانس', N'Florence', 5, NULL, NULL, CAST(N'0001-01-01T00:00:00.0000000+00:00' AS DateTimeOffset), NULL, NULL, NULL, 1, 0)
GO
INSERT [dbo].[City] ([CityId], [PersianName], [Name], [CountryId], [CreatedByIp], [CreatedByUserId], [CreatedDateTime], [ModifiedByIp], [ModifiedByUserId], [ModifiedDateTime], [IsActive], [IsDeleted]) VALUES (34, N'زوریخ', N'Zurich', 6, NULL, NULL, CAST(N'0001-01-01T00:00:00.0000000+00:00' AS DateTimeOffset), NULL, NULL, NULL, 1, 0)
GO
INSERT [dbo].[City] ([CityId], [PersianName], [Name], [CountryId], [CreatedByIp], [CreatedByUserId], [CreatedDateTime], [ModifiedByIp], [ModifiedByUserId], [ModifiedDateTime], [IsActive], [IsDeleted]) VALUES (35, N'ژنو', N'Geneva', 6, NULL, NULL, CAST(N'0001-01-01T00:00:00.0000000+00:00' AS DateTimeOffset), NULL, NULL, NULL, 1, 0)
GO
INSERT [dbo].[City] ([CityId], [PersianName], [Name], [CountryId], [CreatedByIp], [CreatedByUserId], [CreatedDateTime], [ModifiedByIp], [ModifiedByUserId], [ModifiedDateTime], [IsActive], [IsDeleted]) VALUES (36, N'برن', N'Bern', 6, NULL, NULL, CAST(N'0001-01-01T00:00:00.0000000+00:00' AS DateTimeOffset), NULL, NULL, NULL, 1, 0)
GO
INSERT [dbo].[City] ([CityId], [PersianName], [Name], [CountryId], [CreatedByIp], [CreatedByUserId], [CreatedDateTime], [ModifiedByIp], [ModifiedByUserId], [ModifiedDateTime], [IsActive], [IsDeleted]) VALUES (37, N'بازل', N'Basel', 6, NULL, NULL, CAST(N'0001-01-01T00:00:00.0000000+00:00' AS DateTimeOffset), NULL, NULL, NULL, 1, 0)
GO
INSERT [dbo].[City] ([CityId], [PersianName], [Name], [CountryId], [CreatedByIp], [CreatedByUserId], [CreatedDateTime], [ModifiedByIp], [ModifiedByUserId], [ModifiedDateTime], [IsActive], [IsDeleted]) VALUES (38, N'استکهلم', N'Stockholm', 7, NULL, NULL, CAST(N'0001-01-01T00:00:00.0000000+00:00' AS DateTimeOffset), NULL, NULL, NULL, 1, 0)
GO
INSERT [dbo].[City] ([CityId], [PersianName], [Name], [CountryId], [CreatedByIp], [CreatedByUserId], [CreatedDateTime], [ModifiedByIp], [ModifiedByUserId], [ModifiedDateTime], [IsActive], [IsDeleted]) VALUES (39, N'گوتنبرگ', N'Gothenburg', 7, NULL, NULL, CAST(N'0001-01-01T00:00:00.0000000+00:00' AS DateTimeOffset), NULL, NULL, NULL, 1, 0)
GO
INSERT [dbo].[City] ([CityId], [PersianName], [Name], [CountryId], [CreatedByIp], [CreatedByUserId], [CreatedDateTime], [ModifiedByIp], [ModifiedByUserId], [ModifiedDateTime], [IsActive], [IsDeleted]) VALUES (40, N'مالمو', N'Malmö', 7, NULL, NULL, CAST(N'0001-01-01T00:00:00.0000000+00:00' AS DateTimeOffset), NULL, NULL, NULL, 1, 0)
GO
INSERT [dbo].[City] ([CityId], [PersianName], [Name], [CountryId], [CreatedByIp], [CreatedByUserId], [CreatedDateTime], [ModifiedByIp], [ModifiedByUserId], [ModifiedDateTime], [IsActive], [IsDeleted]) VALUES (41, N'اوپسالا', N'Uppsala', 7, NULL, NULL, CAST(N'0001-01-01T00:00:00.0000000+00:00' AS DateTimeOffset), NULL, NULL, NULL, 1, 0)
GO
INSERT [dbo].[City] ([CityId], [PersianName], [Name], [CountryId], [CreatedByIp], [CreatedByUserId], [CreatedDateTime], [ModifiedByIp], [ModifiedByUserId], [ModifiedDateTime], [IsActive], [IsDeleted]) VALUES (42, N'بروکسل', N'Brussels', 8, NULL, NULL, CAST(N'0001-01-01T00:00:00.0000000+00:00' AS DateTimeOffset), NULL, NULL, NULL, 1, 0)
GO
INSERT [dbo].[City] ([CityId], [PersianName], [Name], [CountryId], [CreatedByIp], [CreatedByUserId], [CreatedDateTime], [ModifiedByIp], [ModifiedByUserId], [ModifiedDateTime], [IsActive], [IsDeleted]) VALUES (43, N'آنتورپ', N'Antwerp', 8, NULL, NULL, CAST(N'0001-01-01T00:00:00.0000000+00:00' AS DateTimeOffset), NULL, NULL, NULL, 1, 0)
GO
INSERT [dbo].[City] ([CityId], [PersianName], [Name], [CountryId], [CreatedByIp], [CreatedByUserId], [CreatedDateTime], [ModifiedByIp], [ModifiedByUserId], [ModifiedDateTime], [IsActive], [IsDeleted]) VALUES (44, N'خنت', N'Ghent', 8, NULL, NULL, CAST(N'0001-01-01T00:00:00.0000000+00:00' AS DateTimeOffset), NULL, NULL, NULL, 1, 0)
GO
INSERT [dbo].[City] ([CityId], [PersianName], [Name], [CountryId], [CreatedByIp], [CreatedByUserId], [CreatedDateTime], [ModifiedByIp], [ModifiedByUserId], [ModifiedDateTime], [IsActive], [IsDeleted]) VALUES (45, N'بروژ', N'Bruges', 8, NULL, NULL, CAST(N'0001-01-01T00:00:00.0000000+00:00' AS DateTimeOffset), NULL, NULL, NULL, 1, 0)
GO
INSERT [dbo].[City] ([CityId], [PersianName], [Name], [CountryId], [CreatedByIp], [CreatedByUserId], [CreatedDateTime], [ModifiedByIp], [ModifiedByUserId], [ModifiedDateTime], [IsActive], [IsDeleted]) VALUES (46, N'کپنهاگ', N'Copenhagen', 9, NULL, NULL, CAST(N'0001-01-01T00:00:00.0000000+00:00' AS DateTimeOffset), NULL, NULL, NULL, 1, 0)
GO
INSERT [dbo].[City] ([CityId], [PersianName], [Name], [CountryId], [CreatedByIp], [CreatedByUserId], [CreatedDateTime], [ModifiedByIp], [ModifiedByUserId], [ModifiedDateTime], [IsActive], [IsDeleted]) VALUES (47, N'آرهوس', N'Aarhus', 9, NULL, NULL, CAST(N'0001-01-01T00:00:00.0000000+00:00' AS DateTimeOffset), NULL, NULL, NULL, 1, 0)
GO
INSERT [dbo].[City] ([CityId], [PersianName], [Name], [CountryId], [CreatedByIp], [CreatedByUserId], [CreatedDateTime], [ModifiedByIp], [ModifiedByUserId], [ModifiedDateTime], [IsActive], [IsDeleted]) VALUES (48, N'اودنسه', N'Odense', 9, NULL, NULL, CAST(N'0001-01-01T00:00:00.0000000+00:00' AS DateTimeOffset), NULL, NULL, NULL, 1, 0)
GO
INSERT [dbo].[City] ([CityId], [PersianName], [Name], [CountryId], [CreatedByIp], [CreatedByUserId], [CreatedDateTime], [ModifiedByIp], [ModifiedByUserId], [ModifiedDateTime], [IsActive], [IsDeleted]) VALUES (49, N'آلبورگ', N'Aalborg', 9, NULL, NULL, CAST(N'0001-01-01T00:00:00.0000000+00:00' AS DateTimeOffset), NULL, NULL, NULL, 1, 0)
GO
INSERT [dbo].[City] ([CityId], [PersianName], [Name], [CountryId], [CreatedByIp], [CreatedByUserId], [CreatedDateTime], [ModifiedByIp], [ModifiedByUserId], [ModifiedDateTime], [IsActive], [IsDeleted]) VALUES (50, N'وین', N'Vienna', 10, NULL, NULL, CAST(N'0001-01-01T00:00:00.0000000+00:00' AS DateTimeOffset), NULL, NULL, NULL, 1, 0)
GO
INSERT [dbo].[City] ([CityId], [PersianName], [Name], [CountryId], [CreatedByIp], [CreatedByUserId], [CreatedDateTime], [ModifiedByIp], [ModifiedByUserId], [ModifiedDateTime], [IsActive], [IsDeleted]) VALUES (51, N'سالزبورگ', N'Salzburg', 10, NULL, NULL, CAST(N'0001-01-01T00:00:00.0000000+00:00' AS DateTimeOffset), NULL, NULL, NULL, 1, 0)
GO
INSERT [dbo].[City] ([CityId], [PersianName], [Name], [CountryId], [CreatedByIp], [CreatedByUserId], [CreatedDateTime], [ModifiedByIp], [ModifiedByUserId], [ModifiedDateTime], [IsActive], [IsDeleted]) VALUES (52, N'گراز', N'Graz', 10, NULL, NULL, CAST(N'0001-01-01T00:00:00.0000000+00:00' AS DateTimeOffset), NULL, NULL, NULL, 1, 0)
GO
INSERT [dbo].[City] ([CityId], [PersianName], [Name], [CountryId], [CreatedByIp], [CreatedByUserId], [CreatedDateTime], [ModifiedByIp], [ModifiedByUserId], [ModifiedDateTime], [IsActive], [IsDeleted]) VALUES (53, N'اینسبروک', N'Innsbruck', 10, NULL, NULL, CAST(N'0001-01-01T00:00:00.0000000+00:00' AS DateTimeOffset), NULL, NULL, NULL, 1, 0)
GO
INSERT [dbo].[City] ([CityId], [PersianName], [Name], [CountryId], [CreatedByIp], [CreatedByUserId], [CreatedDateTime], [ModifiedByIp], [ModifiedByUserId], [ModifiedDateTime], [IsActive], [IsDeleted]) VALUES (54, N'اسلو', N'Oslo', 11, NULL, NULL, CAST(N'0001-01-01T00:00:00.0000000+00:00' AS DateTimeOffset), NULL, NULL, NULL, 1, 0)
GO
INSERT [dbo].[City] ([CityId], [PersianName], [Name], [CountryId], [CreatedByIp], [CreatedByUserId], [CreatedDateTime], [ModifiedByIp], [ModifiedByUserId], [ModifiedDateTime], [IsActive], [IsDeleted]) VALUES (55, N'برگن', N'Bergen', 11, NULL, NULL, CAST(N'0001-01-01T00:00:00.0000000+00:00' AS DateTimeOffset), NULL, NULL, NULL, 1, 0)
GO
INSERT [dbo].[City] ([CityId], [PersianName], [Name], [CountryId], [CreatedByIp], [CreatedByUserId], [CreatedDateTime], [ModifiedByIp], [ModifiedByUserId], [ModifiedDateTime], [IsActive], [IsDeleted]) VALUES (56, N'استاوانگر', N'Stavanger', 11, NULL, NULL, CAST(N'0001-01-01T00:00:00.0000000+00:00' AS DateTimeOffset), NULL, NULL, NULL, 1, 0)
GO
INSERT [dbo].[City] ([CityId], [PersianName], [Name], [CountryId], [CreatedByIp], [CreatedByUserId], [CreatedDateTime], [ModifiedByIp], [ModifiedByUserId], [ModifiedDateTime], [IsActive], [IsDeleted]) VALUES (57, N'تروندهایم', N'Trondheim', 11, NULL, NULL, CAST(N'0001-01-01T00:00:00.0000000+00:00' AS DateTimeOffset), NULL, NULL, NULL, 1, 0)
GO
INSERT [dbo].[City] ([CityId], [PersianName], [Name], [CountryId], [CreatedByIp], [CreatedByUserId], [CreatedDateTime], [ModifiedByIp], [ModifiedByUserId], [ModifiedDateTime], [IsActive], [IsDeleted]) VALUES (58, N'کابل', N'Kabul', 12, NULL, NULL, CAST(N'0001-01-01T00:00:00.0000000+00:00' AS DateTimeOffset), NULL, NULL, NULL, 1, 0)
GO
INSERT [dbo].[City] ([CityId], [PersianName], [Name], [CountryId], [CreatedByIp], [CreatedByUserId], [CreatedDateTime], [ModifiedByIp], [ModifiedByUserId], [ModifiedDateTime], [IsActive], [IsDeleted]) VALUES (59, N'قندهار', N'Kandahar', 12, NULL, NULL, CAST(N'0001-01-01T00:00:00.0000000+00:00' AS DateTimeOffset), NULL, NULL, NULL, 1, 0)
GO
INSERT [dbo].[City] ([CityId], [PersianName], [Name], [CountryId], [CreatedByIp], [CreatedByUserId], [CreatedDateTime], [ModifiedByIp], [ModifiedByUserId], [ModifiedDateTime], [IsActive], [IsDeleted]) VALUES (60, N'هرات', N'Herat', 12, NULL, NULL, CAST(N'0001-01-01T00:00:00.0000000+00:00' AS DateTimeOffset), NULL, NULL, NULL, 1, 0)
GO
INSERT [dbo].[City] ([CityId], [PersianName], [Name], [CountryId], [CreatedByIp], [CreatedByUserId], [CreatedDateTime], [ModifiedByIp], [ModifiedByUserId], [ModifiedDateTime], [IsActive], [IsDeleted]) VALUES (61, N'مزار شریف', N'Mazar-i-Sharif', 12, NULL, NULL, CAST(N'0001-01-01T00:00:00.0000000+00:00' AS DateTimeOffset), NULL, NULL, NULL, 1, 0)
GO
INSERT [dbo].[City] ([CityId], [PersianName], [Name], [CountryId], [CreatedByIp], [CreatedByUserId], [CreatedDateTime], [ModifiedByIp], [ModifiedByUserId], [ModifiedDateTime], [IsActive], [IsDeleted]) VALUES (62, N'تورنتو', N'Toronto', 13, NULL, NULL, CAST(N'0001-01-01T00:00:00.0000000+00:00' AS DateTimeOffset), NULL, NULL, NULL, 1, 0)
GO
INSERT [dbo].[City] ([CityId], [PersianName], [Name], [CountryId], [CreatedByIp], [CreatedByUserId], [CreatedDateTime], [ModifiedByIp], [ModifiedByUserId], [ModifiedDateTime], [IsActive], [IsDeleted]) VALUES (63, N'ونکوور', N'Vancouver', 13, NULL, NULL, CAST(N'0001-01-01T00:00:00.0000000+00:00' AS DateTimeOffset), NULL, NULL, NULL, 1, 0)
GO
INSERT [dbo].[City] ([CityId], [PersianName], [Name], [CountryId], [CreatedByIp], [CreatedByUserId], [CreatedDateTime], [ModifiedByIp], [ModifiedByUserId], [ModifiedDateTime], [IsActive], [IsDeleted]) VALUES (64, N'مونترال', N'Montreal', 13, NULL, NULL, CAST(N'0001-01-01T00:00:00.0000000+00:00' AS DateTimeOffset), NULL, NULL, NULL, 1, 0)
GO
INSERT [dbo].[City] ([CityId], [PersianName], [Name], [CountryId], [CreatedByIp], [CreatedByUserId], [CreatedDateTime], [ModifiedByIp], [ModifiedByUserId], [ModifiedDateTime], [IsActive], [IsDeleted]) VALUES (65, N'کلگری', N'Calgary', 13, NULL, NULL, CAST(N'0001-01-01T00:00:00.0000000+00:00' AS DateTimeOffset), NULL, NULL, NULL, 1, 0)
GO
INSERT [dbo].[City] ([CityId], [PersianName], [Name], [CountryId], [CreatedByIp], [CreatedByUserId], [CreatedDateTime], [ModifiedByIp], [ModifiedByUserId], [ModifiedDateTime], [IsActive], [IsDeleted]) VALUES (66, N'اتاوا', N'Ottawa', 13, NULL, NULL, CAST(N'0001-01-01T00:00:00.0000000+00:00' AS DateTimeOffset), NULL, NULL, NULL, 1, 0)
GO
INSERT [dbo].[City] ([CityId], [PersianName], [Name], [CountryId], [CreatedByIp], [CreatedByUserId], [CreatedDateTime], [ModifiedByIp], [ModifiedByUserId], [ModifiedDateTime], [IsActive], [IsDeleted]) VALUES (67, N'آنکارا', N'Ankara', 14, NULL, NULL, CAST(N'0001-01-01T00:00:00.0000000+00:00' AS DateTimeOffset), NULL, NULL, NULL, 1, 0)
GO
INSERT [dbo].[City] ([CityId], [PersianName], [Name], [CountryId], [CreatedByIp], [CreatedByUserId], [CreatedDateTime], [ModifiedByIp], [ModifiedByUserId], [ModifiedDateTime], [IsActive], [IsDeleted]) VALUES (68, N'استانبول', N'Istanbul', 14, NULL, NULL, CAST(N'0001-01-01T00:00:00.0000000+00:00' AS DateTimeOffset), NULL, NULL, NULL, 1, 0)
GO
INSERT [dbo].[City] ([CityId], [PersianName], [Name], [CountryId], [CreatedByIp], [CreatedByUserId], [CreatedDateTime], [ModifiedByIp], [ModifiedByUserId], [ModifiedDateTime], [IsActive], [IsDeleted]) VALUES (69, N'ازمیر', N'Izmir', 14, NULL, NULL, CAST(N'0001-01-01T00:00:00.0000000+00:00' AS DateTimeOffset), NULL, NULL, NULL, 1, 0)
GO
INSERT [dbo].[City] ([CityId], [PersianName], [Name], [CountryId], [CreatedByIp], [CreatedByUserId], [CreatedDateTime], [ModifiedByIp], [ModifiedByUserId], [ModifiedDateTime], [IsActive], [IsDeleted]) VALUES (70, N'آنتالیا', N'Antalya', 14, NULL, NULL, CAST(N'0001-01-01T00:00:00.0000000+00:00' AS DateTimeOffset), NULL, NULL, NULL, 1, 0)
GO
INSERT [dbo].[City] ([CityId], [PersianName], [Name], [CountryId], [CreatedByIp], [CreatedByUserId], [CreatedDateTime], [ModifiedByIp], [ModifiedByUserId], [ModifiedDateTime], [IsActive], [IsDeleted]) VALUES (71, N'بورسا', N'Bursa', 14, NULL, NULL, CAST(N'0001-01-01T00:00:00.0000000+00:00' AS DateTimeOffset), NULL, NULL, NULL, 1, 0)
GO
INSERT [dbo].[City] ([CityId], [PersianName], [Name], [CountryId], [CreatedByIp], [CreatedByUserId], [CreatedDateTime], [ModifiedByIp], [ModifiedByUserId], [ModifiedDateTime], [IsActive], [IsDeleted]) VALUES (72, N'پکن', N'Beijing', 15, NULL, NULL, CAST(N'0001-01-01T00:00:00.0000000+00:00' AS DateTimeOffset), NULL, NULL, NULL, 1, 0)
GO
INSERT [dbo].[City] ([CityId], [PersianName], [Name], [CountryId], [CreatedByIp], [CreatedByUserId], [CreatedDateTime], [ModifiedByIp], [ModifiedByUserId], [ModifiedDateTime], [IsActive], [IsDeleted]) VALUES (73, N'شانگهای', N'Shanghai', 15, NULL, NULL, CAST(N'0001-01-01T00:00:00.0000000+00:00' AS DateTimeOffset), NULL, NULL, NULL, 1, 0)
GO
INSERT [dbo].[City] ([CityId], [PersianName], [Name], [CountryId], [CreatedByIp], [CreatedByUserId], [CreatedDateTime], [ModifiedByIp], [ModifiedByUserId], [ModifiedDateTime], [IsActive], [IsDeleted]) VALUES (74, N'گوانگژو', N'Guangzhou', 15, NULL, NULL, CAST(N'0001-01-01T00:00:00.0000000+00:00' AS DateTimeOffset), NULL, NULL, NULL, 1, 0)
GO
INSERT [dbo].[City] ([CityId], [PersianName], [Name], [CountryId], [CreatedByIp], [CreatedByUserId], [CreatedDateTime], [ModifiedByIp], [ModifiedByUserId], [ModifiedDateTime], [IsActive], [IsDeleted]) VALUES (75, N'شنژن', N'Shenzhen', 15, NULL, NULL, CAST(N'0001-01-01T00:00:00.0000000+00:00' AS DateTimeOffset), NULL, NULL, NULL, 1, 0)
GO
INSERT [dbo].[City] ([CityId], [PersianName], [Name], [CountryId], [CreatedByIp], [CreatedByUserId], [CreatedDateTime], [ModifiedByIp], [ModifiedByUserId], [ModifiedDateTime], [IsActive], [IsDeleted]) VALUES (76, N'چنگدو', N'Chengdu', 15, NULL, NULL, CAST(N'0001-01-01T00:00:00.0000000+00:00' AS DateTimeOffset), NULL, NULL, NULL, 1, 0)
GO
INSERT [dbo].[City] ([CityId], [PersianName], [Name], [CountryId], [CreatedByIp], [CreatedByUserId], [CreatedDateTime], [ModifiedByIp], [ModifiedByUserId], [ModifiedDateTime], [IsActive], [IsDeleted]) VALUES (77, N'بغداد', N'Baghdad', 16, NULL, NULL, CAST(N'0001-01-01T00:00:00.0000000+00:00' AS DateTimeOffset), NULL, NULL, NULL, 1, 0)
GO
INSERT [dbo].[City] ([CityId], [PersianName], [Name], [CountryId], [CreatedByIp], [CreatedByUserId], [CreatedDateTime], [ModifiedByIp], [ModifiedByUserId], [ModifiedDateTime], [IsActive], [IsDeleted]) VALUES (78, N'بصره', N'Basra', 16, NULL, NULL, CAST(N'0001-01-01T00:00:00.0000000+00:00' AS DateTimeOffset), NULL, NULL, NULL, 1, 0)
GO
INSERT [dbo].[City] ([CityId], [PersianName], [Name], [CountryId], [CreatedByIp], [CreatedByUserId], [CreatedDateTime], [ModifiedByIp], [ModifiedByUserId], [ModifiedDateTime], [IsActive], [IsDeleted]) VALUES (79, N'اربیل', N'Erbil', 16, NULL, NULL, CAST(N'0001-01-01T00:00:00.0000000+00:00' AS DateTimeOffset), NULL, NULL, NULL, 1, 0)
GO
INSERT [dbo].[City] ([CityId], [PersianName], [Name], [CountryId], [CreatedByIp], [CreatedByUserId], [CreatedDateTime], [ModifiedByIp], [ModifiedByUserId], [ModifiedDateTime], [IsActive], [IsDeleted]) VALUES (80, N'موصل', N'Mosul', 16, NULL, NULL, CAST(N'0001-01-01T00:00:00.0000000+00:00' AS DateTimeOffset), NULL, NULL, NULL, 1, 0)
GO
INSERT [dbo].[City] ([CityId], [PersianName], [Name], [CountryId], [CreatedByIp], [CreatedByUserId], [CreatedDateTime], [ModifiedByIp], [ModifiedByUserId], [ModifiedDateTime], [IsActive], [IsDeleted]) VALUES (81, N'نجف', N'Najaf', 16, NULL, NULL, CAST(N'0001-01-01T00:00:00.0000000+00:00' AS DateTimeOffset), NULL, NULL, NULL, 1, 0)
GO
INSERT [dbo].[City] ([CityId], [PersianName], [Name], [CountryId], [CreatedByIp], [CreatedByUserId], [CreatedDateTime], [ModifiedByIp], [ModifiedByUserId], [ModifiedDateTime], [IsActive], [IsDeleted]) VALUES (82, N'کربلا', N'Karbala', 16, NULL, NULL, CAST(N'0001-01-01T00:00:00.0000000+00:00' AS DateTimeOffset), NULL, NULL, NULL, 1, 0)
GO
INSERT [dbo].[City] ([CityId], [PersianName], [Name], [CountryId], [CreatedByIp], [CreatedByUserId], [CreatedDateTime], [ModifiedByIp], [ModifiedByUserId], [ModifiedDateTime], [IsActive], [IsDeleted]) VALUES (83, N'توکیو', N'Tokyo', 17, NULL, NULL, CAST(N'0001-01-01T00:00:00.0000000+00:00' AS DateTimeOffset), NULL, NULL, NULL, 1, 0)
GO
INSERT [dbo].[City] ([CityId], [PersianName], [Name], [CountryId], [CreatedByIp], [CreatedByUserId], [CreatedDateTime], [ModifiedByIp], [ModifiedByUserId], [ModifiedDateTime], [IsActive], [IsDeleted]) VALUES (84, N'اوساکا', N'Osaka', 17, NULL, NULL, CAST(N'0001-01-01T00:00:00.0000000+00:00' AS DateTimeOffset), NULL, NULL, NULL, 1, 0)
GO
INSERT [dbo].[City] ([CityId], [PersianName], [Name], [CountryId], [CreatedByIp], [CreatedByUserId], [CreatedDateTime], [ModifiedByIp], [ModifiedByUserId], [ModifiedDateTime], [IsActive], [IsDeleted]) VALUES (85, N'کیوتو', N'Kyoto', 17, NULL, NULL, CAST(N'0001-01-01T00:00:00.0000000+00:00' AS DateTimeOffset), NULL, NULL, NULL, 1, 0)
GO
INSERT [dbo].[City] ([CityId], [PersianName], [Name], [CountryId], [CreatedByIp], [CreatedByUserId], [CreatedDateTime], [ModifiedByIp], [ModifiedByUserId], [ModifiedDateTime], [IsActive], [IsDeleted]) VALUES (86, N'یوکوهاما', N'Yokohama', 17, NULL, NULL, CAST(N'0001-01-01T00:00:00.0000000+00:00' AS DateTimeOffset), NULL, NULL, NULL, 1, 0)
GO
INSERT [dbo].[City] ([CityId], [PersianName], [Name], [CountryId], [CreatedByIp], [CreatedByUserId], [CreatedDateTime], [ModifiedByIp], [ModifiedByUserId], [ModifiedDateTime], [IsActive], [IsDeleted]) VALUES (87, N'هیروشیما', N'Hiroshima', 17, NULL, NULL, CAST(N'0001-01-01T00:00:00.0000000+00:00' AS DateTimeOffset), NULL, NULL, NULL, 1, 0)
GO
INSERT [dbo].[City] ([CityId], [PersianName], [Name], [CountryId], [CreatedByIp], [CreatedByUserId], [CreatedDateTime], [ModifiedByIp], [ModifiedByUserId], [ModifiedDateTime], [IsActive], [IsDeleted]) VALUES (88, N'دوحه', N'Doha', 18, NULL, NULL, CAST(N'0001-01-01T00:00:00.0000000+00:00' AS DateTimeOffset), NULL, NULL, NULL, 1, 0)
GO
INSERT [dbo].[City] ([CityId], [PersianName], [Name], [CountryId], [CreatedByIp], [CreatedByUserId], [CreatedDateTime], [ModifiedByIp], [ModifiedByUserId], [ModifiedDateTime], [IsActive], [IsDeleted]) VALUES (89, N'الریان', N'Al Rayyan', 18, NULL, NULL, CAST(N'0001-01-01T00:00:00.0000000+00:00' AS DateTimeOffset), NULL, NULL, NULL, 1, 0)
GO
INSERT [dbo].[City] ([CityId], [PersianName], [Name], [CountryId], [CreatedByIp], [CreatedByUserId], [CreatedDateTime], [ModifiedByIp], [ModifiedByUserId], [ModifiedDateTime], [IsActive], [IsDeleted]) VALUES (90, N'الوکرة', N'Al Wakrah', 18, NULL, NULL, CAST(N'0001-01-01T00:00:00.0000000+00:00' AS DateTimeOffset), NULL, NULL, NULL, 1, 0)
GO
INSERT [dbo].[City] ([CityId], [PersianName], [Name], [CountryId], [CreatedByIp], [CreatedByUserId], [CreatedDateTime], [ModifiedByIp], [ModifiedByUserId], [ModifiedDateTime], [IsActive], [IsDeleted]) VALUES (91, N'آمستردام', N'Amsterdam', 19, NULL, NULL, CAST(N'0001-01-01T00:00:00.0000000+00:00' AS DateTimeOffset), NULL, NULL, NULL, 1, 0)
GO
INSERT [dbo].[City] ([CityId], [PersianName], [Name], [CountryId], [CreatedByIp], [CreatedByUserId], [CreatedDateTime], [ModifiedByIp], [ModifiedByUserId], [ModifiedDateTime], [IsActive], [IsDeleted]) VALUES (92, N'روتردام', N'Rotterdam', 19, NULL, NULL, CAST(N'0001-01-01T00:00:00.0000000+00:00' AS DateTimeOffset), NULL, NULL, NULL, 1, 0)
GO
INSERT [dbo].[City] ([CityId], [PersianName], [Name], [CountryId], [CreatedByIp], [CreatedByUserId], [CreatedDateTime], [ModifiedByIp], [ModifiedByUserId], [ModifiedDateTime], [IsActive], [IsDeleted]) VALUES (93, N'لاهه', N'The Hague', 19, NULL, NULL, CAST(N'0001-01-01T00:00:00.0000000+00:00' AS DateTimeOffset), NULL, NULL, NULL, 1, 0)
GO
INSERT [dbo].[City] ([CityId], [PersianName], [Name], [CountryId], [CreatedByIp], [CreatedByUserId], [CreatedDateTime], [ModifiedByIp], [ModifiedByUserId], [ModifiedDateTime], [IsActive], [IsDeleted]) VALUES (94, N'اوترخت', N'Utrecht', 19, NULL, NULL, CAST(N'0001-01-01T00:00:00.0000000+00:00' AS DateTimeOffset), NULL, NULL, NULL, 1, 0)
GO
INSERT [dbo].[City] ([CityId], [PersianName], [Name], [CountryId], [CreatedByIp], [CreatedByUserId], [CreatedDateTime], [ModifiedByIp], [ModifiedByUserId], [ModifiedDateTime], [IsActive], [IsDeleted]) VALUES (95, N'ریاض', N'Riyadh', 20, NULL, NULL, CAST(N'0001-01-01T00:00:00.0000000+00:00' AS DateTimeOffset), NULL, NULL, NULL, 1, 0)
GO
INSERT [dbo].[City] ([CityId], [PersianName], [Name], [CountryId], [CreatedByIp], [CreatedByUserId], [CreatedDateTime], [ModifiedByIp], [ModifiedByUserId], [ModifiedDateTime], [IsActive], [IsDeleted]) VALUES (96, N'جده', N'Jeddah', 20, NULL, NULL, CAST(N'0001-01-01T00:00:00.0000000+00:00' AS DateTimeOffset), NULL, NULL, NULL, 1, 0)
GO
INSERT [dbo].[City] ([CityId], [PersianName], [Name], [CountryId], [CreatedByIp], [CreatedByUserId], [CreatedDateTime], [ModifiedByIp], [ModifiedByUserId], [ModifiedDateTime], [IsActive], [IsDeleted]) VALUES (97, N'مکه', N'Mecca', 20, NULL, NULL, CAST(N'0001-01-01T00:00:00.0000000+00:00' AS DateTimeOffset), NULL, NULL, NULL, 1, 0)
GO
INSERT [dbo].[City] ([CityId], [PersianName], [Name], [CountryId], [CreatedByIp], [CreatedByUserId], [CreatedDateTime], [ModifiedByIp], [ModifiedByUserId], [ModifiedDateTime], [IsActive], [IsDeleted]) VALUES (98, N'مدینه', N'Medina', 20, NULL, NULL, CAST(N'0001-01-01T00:00:00.0000000+00:00' AS DateTimeOffset), NULL, NULL, NULL, 1, 0)
GO
INSERT [dbo].[City] ([CityId], [PersianName], [Name], [CountryId], [CreatedByIp], [CreatedByUserId], [CreatedDateTime], [ModifiedByIp], [ModifiedByUserId], [ModifiedDateTime], [IsActive], [IsDeleted]) VALUES (99, N'دمام', N'Dammam', 20, NULL, NULL, CAST(N'0001-01-01T00:00:00.0000000+00:00' AS DateTimeOffset), NULL, NULL, NULL, 1, 0)
GO
INSERT [dbo].[City] ([CityId], [PersianName], [Name], [CountryId], [CreatedByIp], [CreatedByUserId], [CreatedDateTime], [ModifiedByIp], [ModifiedByUserId], [ModifiedDateTime], [IsActive], [IsDeleted]) VALUES (100, N'سئول', N'Seoul', 21, NULL, NULL, CAST(N'0001-01-01T00:00:00.0000000+00:00' AS DateTimeOffset), NULL, NULL, NULL, 1, 0)
GO
INSERT [dbo].[City] ([CityId], [PersianName], [Name], [CountryId], [CreatedByIp], [CreatedByUserId], [CreatedDateTime], [ModifiedByIp], [ModifiedByUserId], [ModifiedDateTime], [IsActive], [IsDeleted]) VALUES (101, N'بوسان', N'Busan', 21, NULL, NULL, CAST(N'0001-01-01T00:00:00.0000000+00:00' AS DateTimeOffset), NULL, NULL, NULL, 1, 0)
GO
INSERT [dbo].[City] ([CityId], [PersianName], [Name], [CountryId], [CreatedByIp], [CreatedByUserId], [CreatedDateTime], [ModifiedByIp], [ModifiedByUserId], [ModifiedDateTime], [IsActive], [IsDeleted]) VALUES (102, N'اینچئون', N'Incheon', 21, NULL, NULL, CAST(N'0001-01-01T00:00:00.0000000+00:00' AS DateTimeOffset), NULL, NULL, NULL, 1, 0)
GO
INSERT [dbo].[City] ([CityId], [PersianName], [Name], [CountryId], [CreatedByIp], [CreatedByUserId], [CreatedDateTime], [ModifiedByIp], [ModifiedByUserId], [ModifiedDateTime], [IsActive], [IsDeleted]) VALUES (103, N'دائگو', N'Daegu', 21, NULL, NULL, CAST(N'0001-01-01T00:00:00.0000000+00:00' AS DateTimeOffset), NULL, NULL, NULL, 1, 0)
GO
INSERT [dbo].[City] ([CityId], [PersianName], [Name], [CountryId], [CreatedByIp], [CreatedByUserId], [CreatedDateTime], [ModifiedByIp], [ModifiedByUserId], [ModifiedDateTime], [IsActive], [IsDeleted]) VALUES (104, N'دژون', N'Daejeon', 21, NULL, NULL, CAST(N'0001-01-01T00:00:00.0000000+00:00' AS DateTimeOffset), NULL, NULL, NULL, 1, 0)
GO
INSERT [dbo].[City] ([CityId], [PersianName], [Name], [CountryId], [CreatedByIp], [CreatedByUserId], [CreatedDateTime], [ModifiedByIp], [ModifiedByUserId], [ModifiedDateTime], [IsActive], [IsDeleted]) VALUES (105, N'مادرید', N'Madrid', 22, NULL, NULL, CAST(N'0001-01-01T00:00:00.0000000+00:00' AS DateTimeOffset), NULL, NULL, NULL, 1, 0)
GO
INSERT [dbo].[City] ([CityId], [PersianName], [Name], [CountryId], [CreatedByIp], [CreatedByUserId], [CreatedDateTime], [ModifiedByIp], [ModifiedByUserId], [ModifiedDateTime], [IsActive], [IsDeleted]) VALUES (106, N'بارسلونا', N'Barcelona', 22, NULL, NULL, CAST(N'0001-01-01T00:00:00.0000000+00:00' AS DateTimeOffset), NULL, NULL, NULL, 1, 0)
GO
INSERT [dbo].[City] ([CityId], [PersianName], [Name], [CountryId], [CreatedByIp], [CreatedByUserId], [CreatedDateTime], [ModifiedByIp], [ModifiedByUserId], [ModifiedDateTime], [IsActive], [IsDeleted]) VALUES (107, N'والنسیا', N'Valencia', 22, NULL, NULL, CAST(N'0001-01-01T00:00:00.0000000+00:00' AS DateTimeOffset), NULL, NULL, NULL, 1, 0)
GO
INSERT [dbo].[City] ([CityId], [PersianName], [Name], [CountryId], [CreatedByIp], [CreatedByUserId], [CreatedDateTime], [ModifiedByIp], [ModifiedByUserId], [ModifiedDateTime], [IsActive], [IsDeleted]) VALUES (108, N'سویا', N'Seville', 22, NULL, NULL, CAST(N'0001-01-01T00:00:00.0000000+00:00' AS DateTimeOffset), NULL, NULL, NULL, 1, 0)
GO
INSERT [dbo].[City] ([CityId], [PersianName], [Name], [CountryId], [CreatedByIp], [CreatedByUserId], [CreatedDateTime], [ModifiedByIp], [ModifiedByUserId], [ModifiedDateTime], [IsActive], [IsDeleted]) VALUES (109, N'بیلبائو', N'Bilbao', 22, NULL, NULL, CAST(N'0001-01-01T00:00:00.0000000+00:00' AS DateTimeOffset), NULL, NULL, NULL, 1, 0)
GO
INSERT [dbo].[City] ([CityId], [PersianName], [Name], [CountryId], [CreatedByIp], [CreatedByUserId], [CreatedDateTime], [ModifiedByIp], [ModifiedByUserId], [ModifiedDateTime], [IsActive], [IsDeleted]) VALUES (110, N'دبی', N'Dubai', 23, NULL, NULL, CAST(N'0001-01-01T00:00:00.0000000+00:00' AS DateTimeOffset), NULL, NULL, NULL, 1, 0)
GO
INSERT [dbo].[City] ([CityId], [PersianName], [Name], [CountryId], [CreatedByIp], [CreatedByUserId], [CreatedDateTime], [ModifiedByIp], [ModifiedByUserId], [ModifiedDateTime], [IsActive], [IsDeleted]) VALUES (111, N'ابوظبی', N'Abu Dhabi', 23, NULL, NULL, CAST(N'0001-01-01T00:00:00.0000000+00:00' AS DateTimeOffset), NULL, NULL, NULL, 1, 0)
GO
INSERT [dbo].[City] ([CityId], [PersianName], [Name], [CountryId], [CreatedByIp], [CreatedByUserId], [CreatedDateTime], [ModifiedByIp], [ModifiedByUserId], [ModifiedDateTime], [IsActive], [IsDeleted]) VALUES (112, N'شارجه', N'Sharjah', 23, NULL, NULL, CAST(N'0001-01-01T00:00:00.0000000+00:00' AS DateTimeOffset), NULL, NULL, NULL, 1, 0)
GO
INSERT [dbo].[City] ([CityId], [PersianName], [Name], [CountryId], [CreatedByIp], [CreatedByUserId], [CreatedDateTime], [ModifiedByIp], [ModifiedByUserId], [ModifiedDateTime], [IsActive], [IsDeleted]) VALUES (113, N'عجمان', N'Ajman', 23, NULL, NULL, CAST(N'0001-01-01T00:00:00.0000000+00:00' AS DateTimeOffset), NULL, NULL, NULL, 1, 0)
GO
INSERT [dbo].[City] ([CityId], [PersianName], [Name], [CountryId], [CreatedByIp], [CreatedByUserId], [CreatedDateTime], [ModifiedByIp], [ModifiedByUserId], [ModifiedDateTime], [IsActive], [IsDeleted]) VALUES (114, N'لندن', N'London', 24, NULL, NULL, CAST(N'0001-01-01T00:00:00.0000000+00:00' AS DateTimeOffset), NULL, NULL, NULL, 1, 0)
GO
INSERT [dbo].[City] ([CityId], [PersianName], [Name], [CountryId], [CreatedByIp], [CreatedByUserId], [CreatedDateTime], [ModifiedByIp], [ModifiedByUserId], [ModifiedDateTime], [IsActive], [IsDeleted]) VALUES (115, N'منچستر', N'Manchester', 24, NULL, NULL, CAST(N'0001-01-01T00:00:00.0000000+00:00' AS DateTimeOffset), NULL, NULL, NULL, 1, 0)
GO
INSERT [dbo].[City] ([CityId], [PersianName], [Name], [CountryId], [CreatedByIp], [CreatedByUserId], [CreatedDateTime], [ModifiedByIp], [ModifiedByUserId], [ModifiedDateTime], [IsActive], [IsDeleted]) VALUES (116, N'بیرمنگام', N'Birmingham', 24, NULL, NULL, CAST(N'0001-01-01T00:00:00.0000000+00:00' AS DateTimeOffset), NULL, NULL, NULL, 1, 0)
GO
INSERT [dbo].[City] ([CityId], [PersianName], [Name], [CountryId], [CreatedByIp], [CreatedByUserId], [CreatedDateTime], [ModifiedByIp], [ModifiedByUserId], [ModifiedDateTime], [IsActive], [IsDeleted]) VALUES (117, N'لیورپول', N'Liverpool', 24, NULL, NULL, CAST(N'0001-01-01T00:00:00.0000000+00:00' AS DateTimeOffset), NULL, NULL, NULL, 1, 0)
GO
INSERT [dbo].[City] ([CityId], [PersianName], [Name], [CountryId], [CreatedByIp], [CreatedByUserId], [CreatedDateTime], [ModifiedByIp], [ModifiedByUserId], [ModifiedDateTime], [IsActive], [IsDeleted]) VALUES (118, N'ادینبرو', N'Edinburgh', 24, NULL, NULL, CAST(N'0001-01-01T00:00:00.0000000+00:00' AS DateTimeOffset), NULL, NULL, NULL, 1, 0)
GO
INSERT [dbo].[City] ([CityId], [PersianName], [Name], [CountryId], [CreatedByIp], [CreatedByUserId], [CreatedDateTime], [ModifiedByIp], [ModifiedByUserId], [ModifiedDateTime], [IsActive], [IsDeleted]) VALUES (119, N'نیویورک', N'New York', 25, NULL, NULL, CAST(N'0001-01-01T00:00:00.0000000+00:00' AS DateTimeOffset), NULL, NULL, NULL, 1, 0)
GO
INSERT [dbo].[City] ([CityId], [PersianName], [Name], [CountryId], [CreatedByIp], [CreatedByUserId], [CreatedDateTime], [ModifiedByIp], [ModifiedByUserId], [ModifiedDateTime], [IsActive], [IsDeleted]) VALUES (120, N'لس آنجلس', N'Los Angeles', 25, NULL, NULL, CAST(N'0001-01-01T00:00:00.0000000+00:00' AS DateTimeOffset), NULL, NULL, NULL, 1, 0)
GO
INSERT [dbo].[City] ([CityId], [PersianName], [Name], [CountryId], [CreatedByIp], [CreatedByUserId], [CreatedDateTime], [ModifiedByIp], [ModifiedByUserId], [ModifiedDateTime], [IsActive], [IsDeleted]) VALUES (121, N'شیکاگو', N'Chicago', 25, NULL, NULL, CAST(N'0001-01-01T00:00:00.0000000+00:00' AS DateTimeOffset), NULL, NULL, NULL, 1, 0)
GO
INSERT [dbo].[City] ([CityId], [PersianName], [Name], [CountryId], [CreatedByIp], [CreatedByUserId], [CreatedDateTime], [ModifiedByIp], [ModifiedByUserId], [ModifiedDateTime], [IsActive], [IsDeleted]) VALUES (122, N'دالاس', N'Dallas', 25, NULL, NULL, CAST(N'0001-01-01T00:00:00.0000000+00:00' AS DateTimeOffset), NULL, NULL, NULL, 1, 0)
GO
INSERT [dbo].[City] ([CityId], [PersianName], [Name], [CountryId], [CreatedByIp], [CreatedByUserId], [CreatedDateTime], [ModifiedByIp], [ModifiedByUserId], [ModifiedDateTime], [IsActive], [IsDeleted]) VALUES (123, N'هیوستون', N'Houston', 25, NULL, NULL, CAST(N'0001-01-01T00:00:00.0000000+00:00' AS DateTimeOffset), NULL, NULL, NULL, 1, 0)
GO
INSERT [dbo].[City] ([CityId], [PersianName], [Name], [CountryId], [CreatedByIp], [CreatedByUserId], [CreatedDateTime], [ModifiedByIp], [ModifiedByUserId], [ModifiedDateTime], [IsActive], [IsDeleted]) VALUES (124, N'سانفرانسیسکو', N'San Francisco', 25, NULL, NULL, CAST(N'0001-01-01T00:00:00.0000000+00:00' AS DateTimeOffset), NULL, NULL, NULL, 1, 0)
GO
INSERT [dbo].[City] ([CityId], [PersianName], [Name], [CountryId], [CreatedByIp], [CreatedByUserId], [CreatedDateTime], [ModifiedByIp], [ModifiedByUserId], [ModifiedDateTime], [IsActive], [IsDeleted]) VALUES (125, N'میامی', N'Miami', 25, NULL, NULL, CAST(N'0001-01-01T00:00:00.0000000+00:00' AS DateTimeOffset), NULL, NULL, NULL, 1, 0)
GO
INSERT [dbo].[City] ([CityId], [PersianName], [Name], [CountryId], [CreatedByIp], [CreatedByUserId], [CreatedDateTime], [ModifiedByIp], [ModifiedByUserId], [ModifiedDateTime], [IsActive], [IsDeleted]) VALUES (126, N'سیاتل', N'Seattle', 25, NULL, NULL, CAST(N'0001-01-01T00:00:00.0000000+00:00' AS DateTimeOffset), NULL, NULL, NULL, 1, 0)
GO
INSERT [dbo].[City] ([CityId], [PersianName], [Name], [CountryId], [CreatedByIp], [CreatedByUserId], [CreatedDateTime], [ModifiedByIp], [ModifiedByUserId], [ModifiedDateTime], [IsActive], [IsDeleted]) VALUES (127, N'بوستون', N'Boston', 25, NULL, NULL, CAST(N'0001-01-01T00:00:00.0000000+00:00' AS DateTimeOffset), NULL, NULL, NULL, 1, 0)
GO
SET IDENTITY_INSERT [dbo].[City] OFF
GO
SET IDENTITY_INSERT [dbo].[Request] ON 
GO
INSERT [dbo].[Request] ([RequestId], [UserAccountId], [OriginCityId], [DestinationCityId], [DepartureDate], [ArrivalDate], [RequestType], [SuggestedPrice], [Description], [MaxWeightKg], [MaxLengthCm], [MaxWidthCm], [MaxHeightCm], [Status], [CreatedByIp], [CreatedByUserId], [CreatedDateTime], [ModifiedByIp], [ModifiedByUserId], [ModifiedDateTime], [IsActive], [IsDeleted]) VALUES (1, 1, 1, 62, CAST(N'2025-10-26T03:40:00.0000000' AS DateTime2), CAST(N'0001-01-01T00:00:00.0000000' AS DateTime2), 1, NULL, N'بار قابل رویت', 2, 30, 50, 50, 4, N'127.0.0.1      ', NULL, CAST(N'2025-09-28T03:41:22.0484126+00:00' AS DateTimeOffset), NULL, NULL, NULL, 1, 0)
GO
INSERT [dbo].[Request] ([RequestId], [UserAccountId], [OriginCityId], [DestinationCityId], [DepartureDate], [ArrivalDate], [RequestType], [SuggestedPrice], [Description], [MaxWeightKg], [MaxLengthCm], [MaxWidthCm], [MaxHeightCm], [Status], [CreatedByIp], [CreatedByUserId], [CreatedDateTime], [ModifiedByIp], [ModifiedByUserId], [ModifiedDateTime], [IsActive], [IsDeleted]) VALUES (2, 7, 64, 1, CAST(N'2025-10-20T10:15:00.0000000' AS DateTime2), CAST(N'0001-01-01T00:00:00.0000000' AS DateTime2), 1, NULL, N'Tehran and Kerman
Emarat airline
بار مجاز قابل رویت', 0, 0, 0, 0, 4, N'127.0.0.1      ', NULL, CAST(N'2025-09-28T04:16:47.7337998+00:00' AS DateTimeOffset), NULL, NULL, NULL, 1, 0)
GO
INSERT [dbo].[Request] ([RequestId], [UserAccountId], [OriginCityId], [DestinationCityId], [DepartureDate], [ArrivalDate], [RequestType], [SuggestedPrice], [Description], [MaxWeightKg], [MaxLengthCm], [MaxWidthCm], [MaxHeightCm], [Status], [CreatedByIp], [CreatedByUserId], [CreatedDateTime], [ModifiedByIp], [ModifiedByUserId], [ModifiedDateTime], [IsActive], [IsDeleted]) VALUES (3, 8, 1, 62, CAST(N'2025-10-14T15:30:00.0000000' AS DateTime2), CAST(N'0001-01-01T00:00:00.0000000' AS DateTime2), 1, NULL, N'بار قابل مجاز
مدرک', 0, 0, 0, 0, 4, N'127.0.0.1      ', NULL, CAST(N'2025-09-28T04:19:27.5312871+00:00' AS DateTimeOffset), NULL, NULL, NULL, 1, 0)
GO
INSERT [dbo].[Request] ([RequestId], [UserAccountId], [OriginCityId], [DestinationCityId], [DepartureDate], [ArrivalDate], [RequestType], [SuggestedPrice], [Description], [MaxWeightKg], [MaxLengthCm], [MaxWidthCm], [MaxHeightCm], [Status], [CreatedByIp], [CreatedByUserId], [CreatedDateTime], [ModifiedByIp], [ModifiedByUserId], [ModifiedDateTime], [IsActive], [IsDeleted]) VALUES (4, 6, 66, 1, CAST(N'2025-10-22T10:50:00.0000000' AS DateTime2), CAST(N'0001-01-01T00:00:00.0000000' AS DateTime2), 1, NULL, N'AirCanada/Emarat', 0, 0, 0, 0, 4, N'127.0.0.1      ', NULL, CAST(N'2025-09-28T04:23:12.2544762+00:00' AS DateTimeOffset), NULL, NULL, NULL, 1, 0)
GO
INSERT [dbo].[Request] ([RequestId], [UserAccountId], [OriginCityId], [DestinationCityId], [DepartureDate], [ArrivalDate], [RequestType], [SuggestedPrice], [Description], [MaxWeightKg], [MaxLengthCm], [MaxWidthCm], [MaxHeightCm], [Status], [CreatedByIp], [CreatedByUserId], [CreatedDateTime], [ModifiedByIp], [ModifiedByUserId], [ModifiedDateTime], [IsActive], [IsDeleted]) VALUES (5, 9, 1, 62, CAST(N'2025-09-30T13:50:00.0000000' AS DateTime2), CAST(N'0001-01-01T00:00:00.0000000' AS DateTime2), 1, NULL, N'دارو به شرطی که خودم خرید کنم', 0, 0, 0, 0, 4, N'127.0.0.1      ', NULL, CAST(N'2025-09-28T13:35:52.9700352+00:00' AS DateTimeOffset), NULL, NULL, NULL, 1, 0)
GO
INSERT [dbo].[Request] ([RequestId], [UserAccountId], [OriginCityId], [DestinationCityId], [DepartureDate], [ArrivalDate], [RequestType], [SuggestedPrice], [Description], [MaxWeightKg], [MaxLengthCm], [MaxWidthCm], [MaxHeightCm], [Status], [CreatedByIp], [CreatedByUserId], [CreatedDateTime], [ModifiedByIp], [ModifiedByUserId], [ModifiedDateTime], [IsActive], [IsDeleted]) VALUES (6, 10, 1, 62, CAST(N'2025-11-14T14:50:00.0000000' AS DateTime2), CAST(N'0001-01-01T00:00:00.0000000' AS DateTime2), 1, NULL, N'بار قابل رویت مجاز', 0, 0, 0, 0, 4, N'127.0.0.1      ', NULL, CAST(N'2025-09-28T13:39:46.7903000+00:00' AS DateTimeOffset), NULL, NULL, NULL, 1, 0)
GO
INSERT [dbo].[Request] ([RequestId], [UserAccountId], [OriginCityId], [DestinationCityId], [DepartureDate], [ArrivalDate], [RequestType], [SuggestedPrice], [Description], [MaxWeightKg], [MaxLengthCm], [MaxWidthCm], [MaxHeightCm], [Status], [CreatedByIp], [CreatedByUserId], [CreatedDateTime], [ModifiedByIp], [ModifiedByUserId], [ModifiedDateTime], [IsActive], [IsDeleted]) VALUES (7, 11, 63, 1, CAST(N'2025-10-14T22:30:00.0000000' AS DateTime2), CAST(N'0001-01-01T00:00:00.0000000' AS DateTime2), 1, NULL, N'تهران / اردبیل
بار قابل رویت تا ۱۰۰ کیلو', 0, 0, 0, 0, 4, N'127.0.0.1      ', NULL, CAST(N'2025-09-28T13:43:09.0453779+00:00' AS DateTimeOffset), NULL, NULL, NULL, 1, 0)
GO
SET IDENTITY_INSERT [dbo].[Request] OFF
GO
SET IDENTITY_INSERT [dbo].[Conversation] ON 
GO
INSERT [dbo].[Conversation] ([ConversationId], [User1Id], [User2Id], [RequestId], [LastMessageAt], [IsUser1Blocked], [IsUser2Blocked], [CreatedByIp], [CreatedByUserId], [CreatedDateTime], [ModifiedByIp], [ModifiedByUserId], [ModifiedDateTime], [IsActive], [IsDeleted]) VALUES (1, 2, 1, 1, CAST(N'2025-09-30T06:29:19.9823174' AS DateTime2), 0, 0, N'127.0.0.1      ', NULL, CAST(N'2025-09-30T06:29:20.0141104+00:00' AS DateTimeOffset), NULL, NULL, NULL, 1, 0)
GO
SET IDENTITY_INSERT [dbo].[Conversation] OFF
GO
SET IDENTITY_INSERT [dbo].[Suggestion] ON 
GO
INSERT [dbo].[Suggestion] ([SuggestionId], [RequestId], [UserAccountId], [SuggestionPrice], [Currency], [ItemType], [Description], [Status], [DeliveryCode], [CreatedByIp], [CreatedByUserId], [CreatedDateTime], [ModifiedByIp], [ModifiedByUserId], [ModifiedDateTime], [IsActive], [IsDeleted]) VALUES (1, 1, 2, CAST(50.00 AS Decimal(18, 2)), 1, 2, NULL, 103, 39441, N'127.0.0.1      ', NULL, CAST(N'2025-09-29T20:17:15.3424040+00:00' AS DateTimeOffset), N'127.0.0.1      ', NULL, CAST(N'2025-09-30T06:29:20.0143255+00:00' AS DateTimeOffset), 1, 0)
GO
SET IDENTITY_INSERT [dbo].[Suggestion] OFF
GO
SET IDENTITY_INSERT [dbo].[RequestStatusHistory] ON 
GO
INSERT [dbo].[RequestStatusHistory] ([RequestStatusHistoryId], [UserAccountId], [RequestSelectionId], [Status], [ChangedAt], [Comment], [CreatedByIp], [CreatedByUserId], [CreatedDateTime], [ModifiedByIp], [ModifiedByUserId], [ModifiedDateTime], [IsActive], [IsDeleted]) VALUES (1, 2, 1, 101, CAST(N'2025-09-29T20:17:15.3724932' AS DateTime2), NULL, N'127.0.0.1      ', NULL, CAST(N'2025-09-29T20:17:15.3976424+00:00' AS DateTimeOffset), NULL, NULL, NULL, 1, 0)
GO
SET IDENTITY_INSERT [dbo].[RequestStatusHistory] OFF
GO
SET IDENTITY_INSERT [dbo].[SuggestionAttachment] ON 
GO
INSERT [dbo].[SuggestionAttachment] ([SuggestionAttachmentId], [SuggestionId], [FilePath], [CreatedByIp], [CreatedByUserId], [CreatedDateTime], [ModifiedByIp], [ModifiedByUserId], [ModifiedDateTime], [IsActive], [IsDeleted]) VALUES (1, 1, N'https://api.packsi.net/uploads/034dedc6-c8b9-470a-8a6a-79fbada7d01d.jpg', N'127.0.0.1      ', NULL, CAST(N'2025-09-29T20:17:15.3974584+00:00' AS DateTimeOffset), NULL, NULL, NULL, 1, 0)
GO
SET IDENTITY_INSERT [dbo].[SuggestionAttachment] OFF
GO
SET IDENTITY_INSERT [dbo].[UserProfile] ON 
GO
INSERT [dbo].[UserProfile] ([UserProfileId], [UserAccountId], [CountryOfResidenceId], [FirstName], [LastName], [DisplayName], [Address], [Company], [PostalCode], [Gender], [MaritalStatus], [CreatedByIp], [CreatedByUserId], [CreatedDateTime], [ModifiedByIp], [ModifiedByUserId], [ModifiedDateTime], [IsActive], [IsDeleted]) VALUES (1, 1, 1, N'Shahram', N'Oweisy', N'Shahram', N'Tehran', NULL, NULL, 0, NULL, N'127.0.0.1      ', NULL, CAST(N'2025-09-26T20:41:34.6826676+00:00' AS DateTimeOffset), N'127.0.0.1      ', NULL, CAST(N'2025-09-26T20:42:14.1903972+00:00' AS DateTimeOffset), 1, 0)
GO
INSERT [dbo].[UserProfile] ([UserProfileId], [UserAccountId], [CountryOfResidenceId], [FirstName], [LastName], [DisplayName], [Address], [Company], [PostalCode], [Gender], [MaritalStatus], [CreatedByIp], [CreatedByUserId], [CreatedDateTime], [ModifiedByIp], [ModifiedByUserId], [ModifiedDateTime], [IsActive], [IsDeleted]) VALUES (3, 3, 13, N'Packsi', N'Support', N'Support', N'Toronto', NULL, NULL, 0, NULL, N'127.0.0.1      ', NULL, CAST(N'2025-09-26T20:44:01.1157805+00:00' AS DateTimeOffset), N'127.0.0.1      ', NULL, CAST(N'2025-09-26T20:44:53.6869331+00:00' AS DateTimeOffset), 1, 0)
GO
INSERT [dbo].[UserProfile] ([UserProfileId], [UserAccountId], [CountryOfResidenceId], [FirstName], [LastName], [DisplayName], [Address], [Company], [PostalCode], [Gender], [MaritalStatus], [CreatedByIp], [CreatedByUserId], [CreatedDateTime], [ModifiedByIp], [ModifiedByUserId], [ModifiedDateTime], [IsActive], [IsDeleted]) VALUES (4, 4, NULL, NULL, NULL, NULL, NULL, NULL, NULL, NULL, NULL, N'127.0.0.1      ', NULL, CAST(N'2025-09-26T21:08:13.7376616+00:00' AS DateTimeOffset), NULL, NULL, NULL, 1, 0)
GO
INSERT [dbo].[UserProfile] ([UserProfileId], [UserAccountId], [CountryOfResidenceId], [FirstName], [LastName], [DisplayName], [Address], [Company], [PostalCode], [Gender], [MaritalStatus], [CreatedByIp], [CreatedByUserId], [CreatedDateTime], [ModifiedByIp], [ModifiedByUserId], [ModifiedDateTime], [IsActive], [IsDeleted]) VALUES (5, 5, NULL, NULL, NULL, NULL, NULL, NULL, NULL, NULL, NULL, N'127.0.0.1      ', NULL, CAST(N'2025-09-27T22:27:06.3652807+00:00' AS DateTimeOffset), NULL, NULL, NULL, 1, 0)
GO
INSERT [dbo].[UserProfile] ([UserProfileId], [UserAccountId], [CountryOfResidenceId], [FirstName], [LastName], [DisplayName], [Address], [Company], [PostalCode], [Gender], [MaritalStatus], [CreatedByIp], [CreatedByUserId], [CreatedDateTime], [ModifiedByIp], [ModifiedByUserId], [ModifiedDateTime], [IsActive], [IsDeleted]) VALUES (6, 6, 13, N'Laleh', N'M', N'Laleh', N'', NULL, NULL, -1, NULL, N'127.0.0.1      ', NULL, CAST(N'2025-09-28T04:08:22.4422681+00:00' AS DateTimeOffset), N'127.0.0.1      ', NULL, CAST(N'2025-09-28T04:56:49.3858553+00:00' AS DateTimeOffset), 1, 0)
GO
INSERT [dbo].[UserProfile] ([UserProfileId], [UserAccountId], [CountryOfResidenceId], [FirstName], [LastName], [DisplayName], [Address], [Company], [PostalCode], [Gender], [MaritalStatus], [CreatedByIp], [CreatedByUserId], [CreatedDateTime], [ModifiedByIp], [ModifiedByUserId], [ModifiedDateTime], [IsActive], [IsDeleted]) VALUES (7, 7, 13, N'Saeid', N'Y', N'Saeid', N'', NULL, NULL, -1, NULL, N'127.0.0.1      ', NULL, CAST(N'2025-09-28T04:12:27.3560659+00:00' AS DateTimeOffset), N'127.0.0.1      ', NULL, CAST(N'2025-09-28T04:58:10.2690395+00:00' AS DateTimeOffset), 1, 0)
GO
INSERT [dbo].[UserProfile] ([UserProfileId], [UserAccountId], [CountryOfResidenceId], [FirstName], [LastName], [DisplayName], [Address], [Company], [PostalCode], [Gender], [MaritalStatus], [CreatedByIp], [CreatedByUserId], [CreatedDateTime], [ModifiedByIp], [ModifiedByUserId], [ModifiedDateTime], [IsActive], [IsDeleted]) VALUES (8, 8, 1, N'Sherry', N'Sherry', N'Sherry', N'', NULL, NULL, -1, NULL, N'127.0.0.1      ', NULL, CAST(N'2025-09-28T04:18:22.8846709+00:00' AS DateTimeOffset), N'127.0.0.1      ', NULL, CAST(N'2025-09-28T04:58:49.7934109+00:00' AS DateTimeOffset), 1, 0)
GO
INSERT [dbo].[UserProfile] ([UserProfileId], [UserAccountId], [CountryOfResidenceId], [FirstName], [LastName], [DisplayName], [Address], [Company], [PostalCode], [Gender], [MaritalStatus], [CreatedByIp], [CreatedByUserId], [CreatedDateTime], [ModifiedByIp], [ModifiedByUserId], [ModifiedDateTime], [IsActive], [IsDeleted]) VALUES (9, 9, 1, N'Artana', N'Arta', N'Artana', N'', NULL, NULL, -1, NULL, N'127.0.0.1      ', NULL, CAST(N'2025-09-28T13:33:13.4542252+00:00' AS DateTimeOffset), N'127.0.0.1      ', NULL, CAST(N'2025-09-28T13:34:55.1468940+00:00' AS DateTimeOffset), 1, 0)
GO
INSERT [dbo].[UserProfile] ([UserProfileId], [UserAccountId], [CountryOfResidenceId], [FirstName], [LastName], [DisplayName], [Address], [Company], [PostalCode], [Gender], [MaritalStatus], [CreatedByIp], [CreatedByUserId], [CreatedDateTime], [ModifiedByIp], [ModifiedByUserId], [ModifiedDateTime], [IsActive], [IsDeleted]) VALUES (10, 10, NULL, NULL, NULL, NULL, NULL, NULL, NULL, NULL, NULL, N'127.0.0.1      ', NULL, CAST(N'2025-09-28T13:38:32.4489317+00:00' AS DateTimeOffset), NULL, NULL, NULL, 1, 0)
GO
INSERT [dbo].[UserProfile] ([UserProfileId], [UserAccountId], [CountryOfResidenceId], [FirstName], [LastName], [DisplayName], [Address], [Company], [PostalCode], [Gender], [MaritalStatus], [CreatedByIp], [CreatedByUserId], [CreatedDateTime], [ModifiedByIp], [ModifiedByUserId], [ModifiedDateTime], [IsActive], [IsDeleted]) VALUES (11, 11, 13, N'Shadi', N'Shah', N'Shah', N'', NULL, NULL, -1, NULL, N'127.0.0.1      ', NULL, CAST(N'2025-09-28T13:40:27.9646154+00:00' AS DateTimeOffset), N'127.0.0.1      ', NULL, CAST(N'2025-09-28T13:41:54.3319611+00:00' AS DateTimeOffset), 1, 0)
GO
INSERT [dbo].[UserProfile] ([UserProfileId], [UserAccountId], [CountryOfResidenceId], [FirstName], [LastName], [DisplayName], [Address], [Company], [PostalCode], [Gender], [MaritalStatus], [CreatedByIp], [CreatedByUserId], [CreatedDateTime], [ModifiedByIp], [ModifiedByUserId], [ModifiedDateTime], [IsActive], [IsDeleted]) VALUES (12, 2, 1, N'AmirAli', N'Oweisy', N'AmirAli', N'Tehran', NULL, NULL, 0, NULL, N'127.0.0.1      ', NULL, CAST(N'2025-09-28T16:10:44.4967990+00:00' AS DateTimeOffset), N'127.0.0.1      ', NULL, CAST(N'2025-09-28T16:11:31.8337405+00:00' AS DateTimeOffset), 1, 0)
GO
INSERT [dbo].[UserProfile] ([UserProfileId], [UserAccountId], [CountryOfResidenceId], [FirstName], [LastName], [DisplayName], [Address], [Company], [PostalCode], [Gender], [MaritalStatus], [CreatedByIp], [CreatedByUserId], [CreatedDateTime], [ModifiedByIp], [ModifiedByUserId], [ModifiedDateTime], [IsActive], [IsDeleted]) VALUES (13, 12, 1, N'سبحان', N'کریم زاده', N'سبحان', N'', NULL, NULL, -1, NULL, N'127.0.0.1      ', NULL, CAST(N'2025-09-28T17:00:10.8577806+00:00' AS DateTimeOffset), N'127.0.0.1      ', NULL, CAST(N'2025-09-28T17:01:54.2396694+00:00' AS DateTimeOffset), 1, 0)
GO
INSERT [dbo].[UserProfile] ([UserProfileId], [UserAccountId], [CountryOfResidenceId], [FirstName], [LastName], [DisplayName], [Address], [Company], [PostalCode], [Gender], [MaritalStatus], [CreatedByIp], [CreatedByUserId], [CreatedDateTime], [ModifiedByIp], [ModifiedByUserId], [ModifiedDateTime], [IsActive], [IsDeleted]) VALUES (14, 13, 1, N'Nima', N'Zolfagharian', N'Nima', N'Some where in middle east', NULL, NULL, 0, NULL, N'127.0.0.1      ', NULL, CAST(N'2025-09-29T10:48:33.5527892+00:00' AS DateTimeOffset), N'127.0.0.1      ', NULL, CAST(N'2025-09-29T10:52:56.5151631+00:00' AS DateTimeOffset), 1, 0)
GO
SET IDENTITY_INSERT [dbo].[UserProfile] OFF
GO
SET IDENTITY_INSERT [dbo].[UserPreferredLocation] ON 
GO
INSERT [dbo].[UserPreferredLocation] ([UserPreferredLocationId], [UserAccountId], [CountryId], [CityId], [CreatedByIp], [CreatedByUserId], [CreatedDateTime], [ModifiedByIp], [ModifiedByUserId], [ModifiedDateTime], [IsActive], [IsDeleted]) VALUES (1, 1, 5, 29, N'127.0.0.1      ', NULL, CAST(N'2025-09-26T20:42:14.1901137+00:00' AS DateTimeOffset), NULL, NULL, NULL, 1, 0)
GO
INSERT [dbo].[UserPreferredLocation] ([UserPreferredLocationId], [UserAccountId], [CountryId], [CityId], [CreatedByIp], [CreatedByUserId], [CreatedDateTime], [ModifiedByIp], [ModifiedByUserId], [ModifiedDateTime], [IsActive], [IsDeleted]) VALUES (2, 1, 5, 30, N'127.0.0.1      ', NULL, CAST(N'2025-09-26T20:42:14.1901275+00:00' AS DateTimeOffset), NULL, NULL, NULL, 1, 0)
GO
INSERT [dbo].[UserPreferredLocation] ([UserPreferredLocationId], [UserAccountId], [CountryId], [CityId], [CreatedByIp], [CreatedByUserId], [CreatedDateTime], [ModifiedByIp], [ModifiedByUserId], [ModifiedDateTime], [IsActive], [IsDeleted]) VALUES (3, 1, 5, 31, N'127.0.0.1      ', NULL, CAST(N'2025-09-26T20:42:14.1901338+00:00' AS DateTimeOffset), NULL, NULL, NULL, 1, 0)
GO
INSERT [dbo].[UserPreferredLocation] ([UserPreferredLocationId], [UserAccountId], [CountryId], [CityId], [CreatedByIp], [CreatedByUserId], [CreatedDateTime], [ModifiedByIp], [ModifiedByUserId], [ModifiedDateTime], [IsActive], [IsDeleted]) VALUES (4, 1, 5, 32, N'127.0.0.1      ', NULL, CAST(N'2025-09-26T20:42:14.1901571+00:00' AS DateTimeOffset), NULL, NULL, NULL, 1, 0)
GO
INSERT [dbo].[UserPreferredLocation] ([UserPreferredLocationId], [UserAccountId], [CountryId], [CityId], [CreatedByIp], [CreatedByUserId], [CreatedDateTime], [ModifiedByIp], [ModifiedByUserId], [ModifiedDateTime], [IsActive], [IsDeleted]) VALUES (5, 1, 5, 33, N'127.0.0.1      ', NULL, CAST(N'2025-09-26T20:42:14.1901625+00:00' AS DateTimeOffset), NULL, NULL, NULL, 1, 0)
GO
INSERT [dbo].[UserPreferredLocation] ([UserPreferredLocationId], [UserAccountId], [CountryId], [CityId], [CreatedByIp], [CreatedByUserId], [CreatedDateTime], [ModifiedByIp], [ModifiedByUserId], [ModifiedDateTime], [IsActive], [IsDeleted]) VALUES (6, 1, 13, 62, N'127.0.0.1      ', NULL, CAST(N'2025-09-26T20:42:14.1901728+00:00' AS DateTimeOffset), NULL, NULL, NULL, 1, 0)
GO
INSERT [dbo].[UserPreferredLocation] ([UserPreferredLocationId], [UserAccountId], [CountryId], [CityId], [CreatedByIp], [CreatedByUserId], [CreatedDateTime], [ModifiedByIp], [ModifiedByUserId], [ModifiedDateTime], [IsActive], [IsDeleted]) VALUES (7, 1, 13, 63, N'127.0.0.1      ', NULL, CAST(N'2025-09-26T20:42:14.1901781+00:00' AS DateTimeOffset), NULL, NULL, NULL, 1, 0)
GO
INSERT [dbo].[UserPreferredLocation] ([UserPreferredLocationId], [UserAccountId], [CountryId], [CityId], [CreatedByIp], [CreatedByUserId], [CreatedDateTime], [ModifiedByIp], [ModifiedByUserId], [ModifiedDateTime], [IsActive], [IsDeleted]) VALUES (8, 1, 13, 64, N'127.0.0.1      ', NULL, CAST(N'2025-09-26T20:42:14.1901825+00:00' AS DateTimeOffset), NULL, NULL, NULL, 1, 0)
GO
INSERT [dbo].[UserPreferredLocation] ([UserPreferredLocationId], [UserAccountId], [CountryId], [CityId], [CreatedByIp], [CreatedByUserId], [CreatedDateTime], [ModifiedByIp], [ModifiedByUserId], [ModifiedDateTime], [IsActive], [IsDeleted]) VALUES (9, 1, 13, 65, N'127.0.0.1      ', NULL, CAST(N'2025-09-26T20:42:14.1901902+00:00' AS DateTimeOffset), NULL, NULL, NULL, 1, 0)
GO
INSERT [dbo].[UserPreferredLocation] ([UserPreferredLocationId], [UserAccountId], [CountryId], [CityId], [CreatedByIp], [CreatedByUserId], [CreatedDateTime], [ModifiedByIp], [ModifiedByUserId], [ModifiedDateTime], [IsActive], [IsDeleted]) VALUES (10, 1, 13, 66, N'127.0.0.1      ', NULL, CAST(N'2025-09-26T20:42:14.1901954+00:00' AS DateTimeOffset), NULL, NULL, NULL, 1, 0)
GO
INSERT [dbo].[UserPreferredLocation] ([UserPreferredLocationId], [UserAccountId], [CountryId], [CityId], [CreatedByIp], [CreatedByUserId], [CreatedDateTime], [ModifiedByIp], [ModifiedByUserId], [ModifiedDateTime], [IsActive], [IsDeleted]) VALUES (31, 3, 1, 1, N'127.0.0.1      ', NULL, CAST(N'2025-09-26T20:44:53.6856445+00:00' AS DateTimeOffset), NULL, NULL, NULL, 1, 0)
GO
INSERT [dbo].[UserPreferredLocation] ([UserPreferredLocationId], [UserAccountId], [CountryId], [CityId], [CreatedByIp], [CreatedByUserId], [CreatedDateTime], [ModifiedByIp], [ModifiedByUserId], [ModifiedDateTime], [IsActive], [IsDeleted]) VALUES (32, 3, 1, 2, N'127.0.0.1      ', NULL, CAST(N'2025-09-26T20:44:53.6856477+00:00' AS DateTimeOffset), NULL, NULL, NULL, 1, 0)
GO
INSERT [dbo].[UserPreferredLocation] ([UserPreferredLocationId], [UserAccountId], [CountryId], [CityId], [CreatedByIp], [CreatedByUserId], [CreatedDateTime], [ModifiedByIp], [ModifiedByUserId], [ModifiedDateTime], [IsActive], [IsDeleted]) VALUES (33, 3, 1, 3, N'127.0.0.1      ', NULL, CAST(N'2025-09-26T20:44:53.6856499+00:00' AS DateTimeOffset), NULL, NULL, NULL, 1, 0)
GO
INSERT [dbo].[UserPreferredLocation] ([UserPreferredLocationId], [UserAccountId], [CountryId], [CityId], [CreatedByIp], [CreatedByUserId], [CreatedDateTime], [ModifiedByIp], [ModifiedByUserId], [ModifiedDateTime], [IsActive], [IsDeleted]) VALUES (34, 3, 1, 4, N'127.0.0.1      ', NULL, CAST(N'2025-09-26T20:44:53.6856563+00:00' AS DateTimeOffset), NULL, NULL, NULL, 1, 0)
GO
INSERT [dbo].[UserPreferredLocation] ([UserPreferredLocationId], [UserAccountId], [CountryId], [CityId], [CreatedByIp], [CreatedByUserId], [CreatedDateTime], [ModifiedByIp], [ModifiedByUserId], [ModifiedDateTime], [IsActive], [IsDeleted]) VALUES (35, 3, 1, 5, N'127.0.0.1      ', NULL, CAST(N'2025-09-26T20:44:53.6856584+00:00' AS DateTimeOffset), NULL, NULL, NULL, 1, 0)
GO
INSERT [dbo].[UserPreferredLocation] ([UserPreferredLocationId], [UserAccountId], [CountryId], [CityId], [CreatedByIp], [CreatedByUserId], [CreatedDateTime], [ModifiedByIp], [ModifiedByUserId], [ModifiedDateTime], [IsActive], [IsDeleted]) VALUES (36, 3, 1, 6, N'127.0.0.1      ', NULL, CAST(N'2025-09-26T20:44:53.6856611+00:00' AS DateTimeOffset), NULL, NULL, NULL, 1, 0)
GO
INSERT [dbo].[UserPreferredLocation] ([UserPreferredLocationId], [UserAccountId], [CountryId], [CityId], [CreatedByIp], [CreatedByUserId], [CreatedDateTime], [ModifiedByIp], [ModifiedByUserId], [ModifiedDateTime], [IsActive], [IsDeleted]) VALUES (37, 3, 1, 7, N'127.0.0.1      ', NULL, CAST(N'2025-09-26T20:44:53.6856632+00:00' AS DateTimeOffset), NULL, NULL, NULL, 1, 0)
GO
INSERT [dbo].[UserPreferredLocation] ([UserPreferredLocationId], [UserAccountId], [CountryId], [CityId], [CreatedByIp], [CreatedByUserId], [CreatedDateTime], [ModifiedByIp], [ModifiedByUserId], [ModifiedDateTime], [IsActive], [IsDeleted]) VALUES (38, 3, 1, 8, N'127.0.0.1      ', NULL, CAST(N'2025-09-26T20:44:53.6856652+00:00' AS DateTimeOffset), NULL, NULL, NULL, 1, 0)
GO
INSERT [dbo].[UserPreferredLocation] ([UserPreferredLocationId], [UserAccountId], [CountryId], [CityId], [CreatedByIp], [CreatedByUserId], [CreatedDateTime], [ModifiedByIp], [ModifiedByUserId], [ModifiedDateTime], [IsActive], [IsDeleted]) VALUES (39, 3, 1, 9, N'127.0.0.1      ', NULL, CAST(N'2025-09-26T20:44:53.6856673+00:00' AS DateTimeOffset), NULL, NULL, NULL, 1, 0)
GO
INSERT [dbo].[UserPreferredLocation] ([UserPreferredLocationId], [UserAccountId], [CountryId], [CityId], [CreatedByIp], [CreatedByUserId], [CreatedDateTime], [ModifiedByIp], [ModifiedByUserId], [ModifiedDateTime], [IsActive], [IsDeleted]) VALUES (40, 3, 1, 10, N'127.0.0.1      ', NULL, CAST(N'2025-09-26T20:44:53.6856692+00:00' AS DateTimeOffset), NULL, NULL, NULL, 1, 0)
GO
INSERT [dbo].[UserPreferredLocation] ([UserPreferredLocationId], [UserAccountId], [CountryId], [CityId], [CreatedByIp], [CreatedByUserId], [CreatedDateTime], [ModifiedByIp], [ModifiedByUserId], [ModifiedDateTime], [IsActive], [IsDeleted]) VALUES (41, 3, 1, 11, N'127.0.0.1      ', NULL, CAST(N'2025-09-26T20:44:53.6856713+00:00' AS DateTimeOffset), NULL, NULL, NULL, 1, 0)
GO
INSERT [dbo].[UserPreferredLocation] ([UserPreferredLocationId], [UserAccountId], [CountryId], [CityId], [CreatedByIp], [CreatedByUserId], [CreatedDateTime], [ModifiedByIp], [ModifiedByUserId], [ModifiedDateTime], [IsActive], [IsDeleted]) VALUES (42, 3, 1, 12, N'127.0.0.1      ', NULL, CAST(N'2025-09-26T20:44:53.6856732+00:00' AS DateTimeOffset), NULL, NULL, NULL, 1, 0)
GO
INSERT [dbo].[UserPreferredLocation] ([UserPreferredLocationId], [UserAccountId], [CountryId], [CityId], [CreatedByIp], [CreatedByUserId], [CreatedDateTime], [ModifiedByIp], [ModifiedByUserId], [ModifiedDateTime], [IsActive], [IsDeleted]) VALUES (43, 3, 1, 13, N'127.0.0.1      ', NULL, CAST(N'2025-09-26T20:44:53.6856753+00:00' AS DateTimeOffset), NULL, NULL, NULL, 1, 0)
GO
INSERT [dbo].[UserPreferredLocation] ([UserPreferredLocationId], [UserAccountId], [CountryId], [CityId], [CreatedByIp], [CreatedByUserId], [CreatedDateTime], [ModifiedByIp], [ModifiedByUserId], [ModifiedDateTime], [IsActive], [IsDeleted]) VALUES (44, 3, 1, 14, N'127.0.0.1      ', NULL, CAST(N'2025-09-26T20:44:53.6856773+00:00' AS DateTimeOffset), NULL, NULL, NULL, 1, 0)
GO
INSERT [dbo].[UserPreferredLocation] ([UserPreferredLocationId], [UserAccountId], [CountryId], [CityId], [CreatedByIp], [CreatedByUserId], [CreatedDateTime], [ModifiedByIp], [ModifiedByUserId], [ModifiedDateTime], [IsActive], [IsDeleted]) VALUES (45, 3, 2, 15, N'127.0.0.1      ', NULL, CAST(N'2025-09-26T20:44:53.6856794+00:00' AS DateTimeOffset), NULL, NULL, NULL, 1, 0)
GO
INSERT [dbo].[UserPreferredLocation] ([UserPreferredLocationId], [UserAccountId], [CountryId], [CityId], [CreatedByIp], [CreatedByUserId], [CreatedDateTime], [ModifiedByIp], [ModifiedByUserId], [ModifiedDateTime], [IsActive], [IsDeleted]) VALUES (46, 3, 2, 16, N'127.0.0.1      ', NULL, CAST(N'2025-09-26T20:44:53.6856814+00:00' AS DateTimeOffset), NULL, NULL, NULL, 1, 0)
GO
INSERT [dbo].[UserPreferredLocation] ([UserPreferredLocationId], [UserAccountId], [CountryId], [CityId], [CreatedByIp], [CreatedByUserId], [CreatedDateTime], [ModifiedByIp], [ModifiedByUserId], [ModifiedDateTime], [IsActive], [IsDeleted]) VALUES (47, 3, 2, 17, N'127.0.0.1      ', NULL, CAST(N'2025-09-26T20:44:53.6856834+00:00' AS DateTimeOffset), NULL, NULL, NULL, 1, 0)
GO
INSERT [dbo].[UserPreferredLocation] ([UserPreferredLocationId], [UserAccountId], [CountryId], [CityId], [CreatedByIp], [CreatedByUserId], [CreatedDateTime], [ModifiedByIp], [ModifiedByUserId], [ModifiedDateTime], [IsActive], [IsDeleted]) VALUES (48, 3, 2, 18, N'127.0.0.1      ', NULL, CAST(N'2025-09-26T20:44:53.6856854+00:00' AS DateTimeOffset), NULL, NULL, NULL, 1, 0)
GO
INSERT [dbo].[UserPreferredLocation] ([UserPreferredLocationId], [UserAccountId], [CountryId], [CityId], [CreatedByIp], [CreatedByUserId], [CreatedDateTime], [ModifiedByIp], [ModifiedByUserId], [ModifiedDateTime], [IsActive], [IsDeleted]) VALUES (49, 3, 2, 19, N'127.0.0.1      ', NULL, CAST(N'2025-09-26T20:44:53.6856874+00:00' AS DateTimeOffset), NULL, NULL, NULL, 1, 0)
GO
INSERT [dbo].[UserPreferredLocation] ([UserPreferredLocationId], [UserAccountId], [CountryId], [CityId], [CreatedByIp], [CreatedByUserId], [CreatedDateTime], [ModifiedByIp], [ModifiedByUserId], [ModifiedDateTime], [IsActive], [IsDeleted]) VALUES (50, 3, 3, 20, N'127.0.0.1      ', NULL, CAST(N'2025-09-26T20:44:53.6856894+00:00' AS DateTimeOffset), NULL, NULL, NULL, 1, 0)
GO
INSERT [dbo].[UserPreferredLocation] ([UserPreferredLocationId], [UserAccountId], [CountryId], [CityId], [CreatedByIp], [CreatedByUserId], [CreatedDateTime], [ModifiedByIp], [ModifiedByUserId], [ModifiedDateTime], [IsActive], [IsDeleted]) VALUES (51, 3, 3, 21, N'127.0.0.1      ', NULL, CAST(N'2025-09-26T20:44:53.6856914+00:00' AS DateTimeOffset), NULL, NULL, NULL, 1, 0)
GO
INSERT [dbo].[UserPreferredLocation] ([UserPreferredLocationId], [UserAccountId], [CountryId], [CityId], [CreatedByIp], [CreatedByUserId], [CreatedDateTime], [ModifiedByIp], [ModifiedByUserId], [ModifiedDateTime], [IsActive], [IsDeleted]) VALUES (52, 3, 3, 22, N'127.0.0.1      ', NULL, CAST(N'2025-09-26T20:44:53.6856997+00:00' AS DateTimeOffset), NULL, NULL, NULL, 1, 0)
GO
INSERT [dbo].[UserPreferredLocation] ([UserPreferredLocationId], [UserAccountId], [CountryId], [CityId], [CreatedByIp], [CreatedByUserId], [CreatedDateTime], [ModifiedByIp], [ModifiedByUserId], [ModifiedDateTime], [IsActive], [IsDeleted]) VALUES (53, 3, 3, 23, N'127.0.0.1      ', NULL, CAST(N'2025-09-26T20:44:53.6857048+00:00' AS DateTimeOffset), NULL, NULL, NULL, 1, 0)
GO
INSERT [dbo].[UserPreferredLocation] ([UserPreferredLocationId], [UserAccountId], [CountryId], [CityId], [CreatedByIp], [CreatedByUserId], [CreatedDateTime], [ModifiedByIp], [ModifiedByUserId], [ModifiedDateTime], [IsActive], [IsDeleted]) VALUES (54, 3, 4, 24, N'127.0.0.1      ', NULL, CAST(N'2025-09-26T20:44:53.6857070+00:00' AS DateTimeOffset), NULL, NULL, NULL, 1, 0)
GO
INSERT [dbo].[UserPreferredLocation] ([UserPreferredLocationId], [UserAccountId], [CountryId], [CityId], [CreatedByIp], [CreatedByUserId], [CreatedDateTime], [ModifiedByIp], [ModifiedByUserId], [ModifiedDateTime], [IsActive], [IsDeleted]) VALUES (55, 3, 4, 25, N'127.0.0.1      ', NULL, CAST(N'2025-09-26T20:44:53.6857090+00:00' AS DateTimeOffset), NULL, NULL, NULL, 1, 0)
GO
INSERT [dbo].[UserPreferredLocation] ([UserPreferredLocationId], [UserAccountId], [CountryId], [CityId], [CreatedByIp], [CreatedByUserId], [CreatedDateTime], [ModifiedByIp], [ModifiedByUserId], [ModifiedDateTime], [IsActive], [IsDeleted]) VALUES (56, 3, 4, 26, N'127.0.0.1      ', NULL, CAST(N'2025-09-26T20:44:53.6857112+00:00' AS DateTimeOffset), NULL, NULL, NULL, 1, 0)
GO
INSERT [dbo].[UserPreferredLocation] ([UserPreferredLocationId], [UserAccountId], [CountryId], [CityId], [CreatedByIp], [CreatedByUserId], [CreatedDateTime], [ModifiedByIp], [ModifiedByUserId], [ModifiedDateTime], [IsActive], [IsDeleted]) VALUES (57, 3, 4, 27, N'127.0.0.1      ', NULL, CAST(N'2025-09-26T20:44:53.6857133+00:00' AS DateTimeOffset), NULL, NULL, NULL, 1, 0)
GO
INSERT [dbo].[UserPreferredLocation] ([UserPreferredLocationId], [UserAccountId], [CountryId], [CityId], [CreatedByIp], [CreatedByUserId], [CreatedDateTime], [ModifiedByIp], [ModifiedByUserId], [ModifiedDateTime], [IsActive], [IsDeleted]) VALUES (58, 3, 4, 28, N'127.0.0.1      ', NULL, CAST(N'2025-09-26T20:44:53.6857154+00:00' AS DateTimeOffset), NULL, NULL, NULL, 1, 0)
GO
INSERT [dbo].[UserPreferredLocation] ([UserPreferredLocationId], [UserAccountId], [CountryId], [CityId], [CreatedByIp], [CreatedByUserId], [CreatedDateTime], [ModifiedByIp], [ModifiedByUserId], [ModifiedDateTime], [IsActive], [IsDeleted]) VALUES (59, 3, 5, 29, N'127.0.0.1      ', NULL, CAST(N'2025-09-26T20:44:53.6857175+00:00' AS DateTimeOffset), NULL, NULL, NULL, 1, 0)
GO
INSERT [dbo].[UserPreferredLocation] ([UserPreferredLocationId], [UserAccountId], [CountryId], [CityId], [CreatedByIp], [CreatedByUserId], [CreatedDateTime], [ModifiedByIp], [ModifiedByUserId], [ModifiedDateTime], [IsActive], [IsDeleted]) VALUES (60, 3, 5, 30, N'127.0.0.1      ', NULL, CAST(N'2025-09-26T20:44:53.6857196+00:00' AS DateTimeOffset), NULL, NULL, NULL, 1, 0)
GO
INSERT [dbo].[UserPreferredLocation] ([UserPreferredLocationId], [UserAccountId], [CountryId], [CityId], [CreatedByIp], [CreatedByUserId], [CreatedDateTime], [ModifiedByIp], [ModifiedByUserId], [ModifiedDateTime], [IsActive], [IsDeleted]) VALUES (61, 3, 5, 31, N'127.0.0.1      ', NULL, CAST(N'2025-09-26T20:44:53.6857217+00:00' AS DateTimeOffset), NULL, NULL, NULL, 1, 0)
GO
INSERT [dbo].[UserPreferredLocation] ([UserPreferredLocationId], [UserAccountId], [CountryId], [CityId], [CreatedByIp], [CreatedByUserId], [CreatedDateTime], [ModifiedByIp], [ModifiedByUserId], [ModifiedDateTime], [IsActive], [IsDeleted]) VALUES (62, 3, 5, 32, N'127.0.0.1      ', NULL, CAST(N'2025-09-26T20:44:53.6857237+00:00' AS DateTimeOffset), NULL, NULL, NULL, 1, 0)
GO
INSERT [dbo].[UserPreferredLocation] ([UserPreferredLocationId], [UserAccountId], [CountryId], [CityId], [CreatedByIp], [CreatedByUserId], [CreatedDateTime], [ModifiedByIp], [ModifiedByUserId], [ModifiedDateTime], [IsActive], [IsDeleted]) VALUES (63, 3, 5, 33, N'127.0.0.1      ', NULL, CAST(N'2025-09-26T20:44:53.6857258+00:00' AS DateTimeOffset), NULL, NULL, NULL, 1, 0)
GO
INSERT [dbo].[UserPreferredLocation] ([UserPreferredLocationId], [UserAccountId], [CountryId], [CityId], [CreatedByIp], [CreatedByUserId], [CreatedDateTime], [ModifiedByIp], [ModifiedByUserId], [ModifiedDateTime], [IsActive], [IsDeleted]) VALUES (64, 3, 6, 34, N'127.0.0.1      ', NULL, CAST(N'2025-09-26T20:44:53.6857282+00:00' AS DateTimeOffset), NULL, NULL, NULL, 1, 0)
GO
INSERT [dbo].[UserPreferredLocation] ([UserPreferredLocationId], [UserAccountId], [CountryId], [CityId], [CreatedByIp], [CreatedByUserId], [CreatedDateTime], [ModifiedByIp], [ModifiedByUserId], [ModifiedDateTime], [IsActive], [IsDeleted]) VALUES (65, 3, 6, 35, N'127.0.0.1      ', NULL, CAST(N'2025-09-26T20:44:53.6857303+00:00' AS DateTimeOffset), NULL, NULL, NULL, 1, 0)
GO
INSERT [dbo].[UserPreferredLocation] ([UserPreferredLocationId], [UserAccountId], [CountryId], [CityId], [CreatedByIp], [CreatedByUserId], [CreatedDateTime], [ModifiedByIp], [ModifiedByUserId], [ModifiedDateTime], [IsActive], [IsDeleted]) VALUES (66, 3, 6, 36, N'127.0.0.1      ', NULL, CAST(N'2025-09-26T20:44:53.6857324+00:00' AS DateTimeOffset), NULL, NULL, NULL, 1, 0)
GO
INSERT [dbo].[UserPreferredLocation] ([UserPreferredLocationId], [UserAccountId], [CountryId], [CityId], [CreatedByIp], [CreatedByUserId], [CreatedDateTime], [ModifiedByIp], [ModifiedByUserId], [ModifiedDateTime], [IsActive], [IsDeleted]) VALUES (67, 3, 6, 37, N'127.0.0.1      ', NULL, CAST(N'2025-09-26T20:44:53.6857346+00:00' AS DateTimeOffset), NULL, NULL, NULL, 1, 0)
GO
INSERT [dbo].[UserPreferredLocation] ([UserPreferredLocationId], [UserAccountId], [CountryId], [CityId], [CreatedByIp], [CreatedByUserId], [CreatedDateTime], [ModifiedByIp], [ModifiedByUserId], [ModifiedDateTime], [IsActive], [IsDeleted]) VALUES (68, 3, 7, 38, N'127.0.0.1      ', NULL, CAST(N'2025-09-26T20:44:53.6857366+00:00' AS DateTimeOffset), NULL, NULL, NULL, 1, 0)
GO
INSERT [dbo].[UserPreferredLocation] ([UserPreferredLocationId], [UserAccountId], [CountryId], [CityId], [CreatedByIp], [CreatedByUserId], [CreatedDateTime], [ModifiedByIp], [ModifiedByUserId], [ModifiedDateTime], [IsActive], [IsDeleted]) VALUES (69, 3, 7, 39, N'127.0.0.1      ', NULL, CAST(N'2025-09-26T20:44:53.6857413+00:00' AS DateTimeOffset), NULL, NULL, NULL, 1, 0)
GO
INSERT [dbo].[UserPreferredLocation] ([UserPreferredLocationId], [UserAccountId], [CountryId], [CityId], [CreatedByIp], [CreatedByUserId], [CreatedDateTime], [ModifiedByIp], [ModifiedByUserId], [ModifiedDateTime], [IsActive], [IsDeleted]) VALUES (70, 3, 7, 40, N'127.0.0.1      ', NULL, CAST(N'2025-09-26T20:44:53.6857434+00:00' AS DateTimeOffset), NULL, NULL, NULL, 1, 0)
GO
INSERT [dbo].[UserPreferredLocation] ([UserPreferredLocationId], [UserAccountId], [CountryId], [CityId], [CreatedByIp], [CreatedByUserId], [CreatedDateTime], [ModifiedByIp], [ModifiedByUserId], [ModifiedDateTime], [IsActive], [IsDeleted]) VALUES (71, 3, 7, 41, N'127.0.0.1      ', NULL, CAST(N'2025-09-26T20:44:53.6857455+00:00' AS DateTimeOffset), NULL, NULL, NULL, 1, 0)
GO
INSERT [dbo].[UserPreferredLocation] ([UserPreferredLocationId], [UserAccountId], [CountryId], [CityId], [CreatedByIp], [CreatedByUserId], [CreatedDateTime], [ModifiedByIp], [ModifiedByUserId], [ModifiedDateTime], [IsActive], [IsDeleted]) VALUES (72, 3, 8, 42, N'127.0.0.1      ', NULL, CAST(N'2025-09-26T20:44:53.6857476+00:00' AS DateTimeOffset), NULL, NULL, NULL, 1, 0)
GO
INSERT [dbo].[UserPreferredLocation] ([UserPreferredLocationId], [UserAccountId], [CountryId], [CityId], [CreatedByIp], [CreatedByUserId], [CreatedDateTime], [ModifiedByIp], [ModifiedByUserId], [ModifiedDateTime], [IsActive], [IsDeleted]) VALUES (73, 3, 8, 43, N'127.0.0.1      ', NULL, CAST(N'2025-09-26T20:44:53.6857496+00:00' AS DateTimeOffset), NULL, NULL, NULL, 1, 0)
GO
INSERT [dbo].[UserPreferredLocation] ([UserPreferredLocationId], [UserAccountId], [CountryId], [CityId], [CreatedByIp], [CreatedByUserId], [CreatedDateTime], [ModifiedByIp], [ModifiedByUserId], [ModifiedDateTime], [IsActive], [IsDeleted]) VALUES (74, 3, 8, 44, N'127.0.0.1      ', NULL, CAST(N'2025-09-26T20:44:53.6857516+00:00' AS DateTimeOffset), NULL, NULL, NULL, 1, 0)
GO
INSERT [dbo].[UserPreferredLocation] ([UserPreferredLocationId], [UserAccountId], [CountryId], [CityId], [CreatedByIp], [CreatedByUserId], [CreatedDateTime], [ModifiedByIp], [ModifiedByUserId], [ModifiedDateTime], [IsActive], [IsDeleted]) VALUES (75, 3, 8, 45, N'127.0.0.1      ', NULL, CAST(N'2025-09-26T20:44:53.6857537+00:00' AS DateTimeOffset), NULL, NULL, NULL, 1, 0)
GO
INSERT [dbo].[UserPreferredLocation] ([UserPreferredLocationId], [UserAccountId], [CountryId], [CityId], [CreatedByIp], [CreatedByUserId], [CreatedDateTime], [ModifiedByIp], [ModifiedByUserId], [ModifiedDateTime], [IsActive], [IsDeleted]) VALUES (76, 3, 9, 46, N'127.0.0.1      ', NULL, CAST(N'2025-09-26T20:44:53.6857558+00:00' AS DateTimeOffset), NULL, NULL, NULL, 1, 0)
GO
INSERT [dbo].[UserPreferredLocation] ([UserPreferredLocationId], [UserAccountId], [CountryId], [CityId], [CreatedByIp], [CreatedByUserId], [CreatedDateTime], [ModifiedByIp], [ModifiedByUserId], [ModifiedDateTime], [IsActive], [IsDeleted]) VALUES (77, 3, 9, 47, N'127.0.0.1      ', NULL, CAST(N'2025-09-26T20:44:53.6857579+00:00' AS DateTimeOffset), NULL, NULL, NULL, 1, 0)
GO
INSERT [dbo].[UserPreferredLocation] ([UserPreferredLocationId], [UserAccountId], [CountryId], [CityId], [CreatedByIp], [CreatedByUserId], [CreatedDateTime], [ModifiedByIp], [ModifiedByUserId], [ModifiedDateTime], [IsActive], [IsDeleted]) VALUES (78, 3, 9, 48, N'127.0.0.1      ', NULL, CAST(N'2025-09-26T20:44:53.6857600+00:00' AS DateTimeOffset), NULL, NULL, NULL, 1, 0)
GO
INSERT [dbo].[UserPreferredLocation] ([UserPreferredLocationId], [UserAccountId], [CountryId], [CityId], [CreatedByIp], [CreatedByUserId], [CreatedDateTime], [ModifiedByIp], [ModifiedByUserId], [ModifiedDateTime], [IsActive], [IsDeleted]) VALUES (79, 3, 9, 49, N'127.0.0.1      ', NULL, CAST(N'2025-09-26T20:44:53.6857621+00:00' AS DateTimeOffset), NULL, NULL, NULL, 1, 0)
GO
INSERT [dbo].[UserPreferredLocation] ([UserPreferredLocationId], [UserAccountId], [CountryId], [CityId], [CreatedByIp], [CreatedByUserId], [CreatedDateTime], [ModifiedByIp], [ModifiedByUserId], [ModifiedDateTime], [IsActive], [IsDeleted]) VALUES (80, 3, 10, 50, N'127.0.0.1      ', NULL, CAST(N'2025-09-26T20:44:53.6857641+00:00' AS DateTimeOffset), NULL, NULL, NULL, 1, 0)
GO
INSERT [dbo].[UserPreferredLocation] ([UserPreferredLocationId], [UserAccountId], [CountryId], [CityId], [CreatedByIp], [CreatedByUserId], [CreatedDateTime], [ModifiedByIp], [ModifiedByUserId], [ModifiedDateTime], [IsActive], [IsDeleted]) VALUES (81, 3, 10, 51, N'127.0.0.1      ', NULL, CAST(N'2025-09-26T20:44:53.6857662+00:00' AS DateTimeOffset), NULL, NULL, NULL, 1, 0)
GO
INSERT [dbo].[UserPreferredLocation] ([UserPreferredLocationId], [UserAccountId], [CountryId], [CityId], [CreatedByIp], [CreatedByUserId], [CreatedDateTime], [ModifiedByIp], [ModifiedByUserId], [ModifiedDateTime], [IsActive], [IsDeleted]) VALUES (82, 3, 10, 52, N'127.0.0.1      ', NULL, CAST(N'2025-09-26T20:44:53.6857683+00:00' AS DateTimeOffset), NULL, NULL, NULL, 1, 0)
GO
INSERT [dbo].[UserPreferredLocation] ([UserPreferredLocationId], [UserAccountId], [CountryId], [CityId], [CreatedByIp], [CreatedByUserId], [CreatedDateTime], [ModifiedByIp], [ModifiedByUserId], [ModifiedDateTime], [IsActive], [IsDeleted]) VALUES (83, 3, 10, 53, N'127.0.0.1      ', NULL, CAST(N'2025-09-26T20:44:53.6857704+00:00' AS DateTimeOffset), NULL, NULL, NULL, 1, 0)
GO
INSERT [dbo].[UserPreferredLocation] ([UserPreferredLocationId], [UserAccountId], [CountryId], [CityId], [CreatedByIp], [CreatedByUserId], [CreatedDateTime], [ModifiedByIp], [ModifiedByUserId], [ModifiedDateTime], [IsActive], [IsDeleted]) VALUES (84, 3, 11, 54, N'127.0.0.1      ', NULL, CAST(N'2025-09-26T20:44:53.6857724+00:00' AS DateTimeOffset), NULL, NULL, NULL, 1, 0)
GO
INSERT [dbo].[UserPreferredLocation] ([UserPreferredLocationId], [UserAccountId], [CountryId], [CityId], [CreatedByIp], [CreatedByUserId], [CreatedDateTime], [ModifiedByIp], [ModifiedByUserId], [ModifiedDateTime], [IsActive], [IsDeleted]) VALUES (85, 3, 11, 55, N'127.0.0.1      ', NULL, CAST(N'2025-09-26T20:44:53.6857745+00:00' AS DateTimeOffset), NULL, NULL, NULL, 1, 0)
GO
INSERT [dbo].[UserPreferredLocation] ([UserPreferredLocationId], [UserAccountId], [CountryId], [CityId], [CreatedByIp], [CreatedByUserId], [CreatedDateTime], [ModifiedByIp], [ModifiedByUserId], [ModifiedDateTime], [IsActive], [IsDeleted]) VALUES (86, 3, 11, 56, N'127.0.0.1      ', NULL, CAST(N'2025-09-26T20:44:53.6857765+00:00' AS DateTimeOffset), NULL, NULL, NULL, 1, 0)
GO
INSERT [dbo].[UserPreferredLocation] ([UserPreferredLocationId], [UserAccountId], [CountryId], [CityId], [CreatedByIp], [CreatedByUserId], [CreatedDateTime], [ModifiedByIp], [ModifiedByUserId], [ModifiedDateTime], [IsActive], [IsDeleted]) VALUES (87, 3, 11, 57, N'127.0.0.1      ', NULL, CAST(N'2025-09-26T20:44:53.6857813+00:00' AS DateTimeOffset), NULL, NULL, NULL, 1, 0)
GO
INSERT [dbo].[UserPreferredLocation] ([UserPreferredLocationId], [UserAccountId], [CountryId], [CityId], [CreatedByIp], [CreatedByUserId], [CreatedDateTime], [ModifiedByIp], [ModifiedByUserId], [ModifiedDateTime], [IsActive], [IsDeleted]) VALUES (88, 3, 12, 58, N'127.0.0.1      ', NULL, CAST(N'2025-09-26T20:44:53.6857834+00:00' AS DateTimeOffset), NULL, NULL, NULL, 1, 0)
GO
INSERT [dbo].[UserPreferredLocation] ([UserPreferredLocationId], [UserAccountId], [CountryId], [CityId], [CreatedByIp], [CreatedByUserId], [CreatedDateTime], [ModifiedByIp], [ModifiedByUserId], [ModifiedDateTime], [IsActive], [IsDeleted]) VALUES (89, 3, 12, 59, N'127.0.0.1      ', NULL, CAST(N'2025-09-26T20:44:53.6857854+00:00' AS DateTimeOffset), NULL, NULL, NULL, 1, 0)
GO
INSERT [dbo].[UserPreferredLocation] ([UserPreferredLocationId], [UserAccountId], [CountryId], [CityId], [CreatedByIp], [CreatedByUserId], [CreatedDateTime], [ModifiedByIp], [ModifiedByUserId], [ModifiedDateTime], [IsActive], [IsDeleted]) VALUES (90, 3, 12, 60, N'127.0.0.1      ', NULL, CAST(N'2025-09-26T20:44:53.6857875+00:00' AS DateTimeOffset), NULL, NULL, NULL, 1, 0)
GO
INSERT [dbo].[UserPreferredLocation] ([UserPreferredLocationId], [UserAccountId], [CountryId], [CityId], [CreatedByIp], [CreatedByUserId], [CreatedDateTime], [ModifiedByIp], [ModifiedByUserId], [ModifiedDateTime], [IsActive], [IsDeleted]) VALUES (91, 3, 12, 61, N'127.0.0.1      ', NULL, CAST(N'2025-09-26T20:44:53.6857896+00:00' AS DateTimeOffset), NULL, NULL, NULL, 1, 0)
GO
INSERT [dbo].[UserPreferredLocation] ([UserPreferredLocationId], [UserAccountId], [CountryId], [CityId], [CreatedByIp], [CreatedByUserId], [CreatedDateTime], [ModifiedByIp], [ModifiedByUserId], [ModifiedDateTime], [IsActive], [IsDeleted]) VALUES (92, 3, 14, 67, N'127.0.0.1      ', NULL, CAST(N'2025-09-26T20:44:53.6857916+00:00' AS DateTimeOffset), NULL, NULL, NULL, 1, 0)
GO
INSERT [dbo].[UserPreferredLocation] ([UserPreferredLocationId], [UserAccountId], [CountryId], [CityId], [CreatedByIp], [CreatedByUserId], [CreatedDateTime], [ModifiedByIp], [ModifiedByUserId], [ModifiedDateTime], [IsActive], [IsDeleted]) VALUES (93, 3, 14, 68, N'127.0.0.1      ', NULL, CAST(N'2025-09-26T20:44:53.6857937+00:00' AS DateTimeOffset), NULL, NULL, NULL, 1, 0)
GO
INSERT [dbo].[UserPreferredLocation] ([UserPreferredLocationId], [UserAccountId], [CountryId], [CityId], [CreatedByIp], [CreatedByUserId], [CreatedDateTime], [ModifiedByIp], [ModifiedByUserId], [ModifiedDateTime], [IsActive], [IsDeleted]) VALUES (94, 3, 14, 69, N'127.0.0.1      ', NULL, CAST(N'2025-09-26T20:44:53.6857958+00:00' AS DateTimeOffset), NULL, NULL, NULL, 1, 0)
GO
INSERT [dbo].[UserPreferredLocation] ([UserPreferredLocationId], [UserAccountId], [CountryId], [CityId], [CreatedByIp], [CreatedByUserId], [CreatedDateTime], [ModifiedByIp], [ModifiedByUserId], [ModifiedDateTime], [IsActive], [IsDeleted]) VALUES (95, 3, 14, 70, N'127.0.0.1      ', NULL, CAST(N'2025-09-26T20:44:53.6857979+00:00' AS DateTimeOffset), NULL, NULL, NULL, 1, 0)
GO
INSERT [dbo].[UserPreferredLocation] ([UserPreferredLocationId], [UserAccountId], [CountryId], [CityId], [CreatedByIp], [CreatedByUserId], [CreatedDateTime], [ModifiedByIp], [ModifiedByUserId], [ModifiedDateTime], [IsActive], [IsDeleted]) VALUES (96, 3, 14, 71, N'127.0.0.1      ', NULL, CAST(N'2025-09-26T20:44:53.6858000+00:00' AS DateTimeOffset), NULL, NULL, NULL, 1, 0)
GO
INSERT [dbo].[UserPreferredLocation] ([UserPreferredLocationId], [UserAccountId], [CountryId], [CityId], [CreatedByIp], [CreatedByUserId], [CreatedDateTime], [ModifiedByIp], [ModifiedByUserId], [ModifiedDateTime], [IsActive], [IsDeleted]) VALUES (97, 3, 15, 72, N'127.0.0.1      ', NULL, CAST(N'2025-09-26T20:44:53.6858020+00:00' AS DateTimeOffset), NULL, NULL, NULL, 1, 0)
GO
INSERT [dbo].[UserPreferredLocation] ([UserPreferredLocationId], [UserAccountId], [CountryId], [CityId], [CreatedByIp], [CreatedByUserId], [CreatedDateTime], [ModifiedByIp], [ModifiedByUserId], [ModifiedDateTime], [IsActive], [IsDeleted]) VALUES (98, 3, 15, 73, N'127.0.0.1      ', NULL, CAST(N'2025-09-26T20:44:53.6858041+00:00' AS DateTimeOffset), NULL, NULL, NULL, 1, 0)
GO
INSERT [dbo].[UserPreferredLocation] ([UserPreferredLocationId], [UserAccountId], [CountryId], [CityId], [CreatedByIp], [CreatedByUserId], [CreatedDateTime], [ModifiedByIp], [ModifiedByUserId], [ModifiedDateTime], [IsActive], [IsDeleted]) VALUES (99, 3, 15, 74, N'127.0.0.1      ', NULL, CAST(N'2025-09-26T20:44:53.6858062+00:00' AS DateTimeOffset), NULL, NULL, NULL, 1, 0)
GO
INSERT [dbo].[UserPreferredLocation] ([UserPreferredLocationId], [UserAccountId], [CountryId], [CityId], [CreatedByIp], [CreatedByUserId], [CreatedDateTime], [ModifiedByIp], [ModifiedByUserId], [ModifiedDateTime], [IsActive], [IsDeleted]) VALUES (100, 3, 15, 75, N'127.0.0.1      ', NULL, CAST(N'2025-09-26T20:44:53.6858082+00:00' AS DateTimeOffset), NULL, NULL, NULL, 1, 0)
GO
INSERT [dbo].[UserPreferredLocation] ([UserPreferredLocationId], [UserAccountId], [CountryId], [CityId], [CreatedByIp], [CreatedByUserId], [CreatedDateTime], [ModifiedByIp], [ModifiedByUserId], [ModifiedDateTime], [IsActive], [IsDeleted]) VALUES (101, 3, 15, 76, N'127.0.0.1      ', NULL, CAST(N'2025-09-26T20:44:53.6858103+00:00' AS DateTimeOffset), NULL, NULL, NULL, 1, 0)
GO
INSERT [dbo].[UserPreferredLocation] ([UserPreferredLocationId], [UserAccountId], [CountryId], [CityId], [CreatedByIp], [CreatedByUserId], [CreatedDateTime], [ModifiedByIp], [ModifiedByUserId], [ModifiedDateTime], [IsActive], [IsDeleted]) VALUES (102, 3, 16, 77, N'127.0.0.1      ', NULL, CAST(N'2025-09-26T20:44:53.6858124+00:00' AS DateTimeOffset), NULL, NULL, NULL, 1, 0)
GO
INSERT [dbo].[UserPreferredLocation] ([UserPreferredLocationId], [UserAccountId], [CountryId], [CityId], [CreatedByIp], [CreatedByUserId], [CreatedDateTime], [ModifiedByIp], [ModifiedByUserId], [ModifiedDateTime], [IsActive], [IsDeleted]) VALUES (103, 3, 16, 78, N'127.0.0.1      ', NULL, CAST(N'2025-09-26T20:44:53.6858144+00:00' AS DateTimeOffset), NULL, NULL, NULL, 1, 0)
GO
INSERT [dbo].[UserPreferredLocation] ([UserPreferredLocationId], [UserAccountId], [CountryId], [CityId], [CreatedByIp], [CreatedByUserId], [CreatedDateTime], [ModifiedByIp], [ModifiedByUserId], [ModifiedDateTime], [IsActive], [IsDeleted]) VALUES (104, 3, 16, 79, N'127.0.0.1      ', NULL, CAST(N'2025-09-26T20:44:53.6858165+00:00' AS DateTimeOffset), NULL, NULL, NULL, 1, 0)
GO
INSERT [dbo].[UserPreferredLocation] ([UserPreferredLocationId], [UserAccountId], [CountryId], [CityId], [CreatedByIp], [CreatedByUserId], [CreatedDateTime], [ModifiedByIp], [ModifiedByUserId], [ModifiedDateTime], [IsActive], [IsDeleted]) VALUES (105, 3, 16, 80, N'127.0.0.1      ', NULL, CAST(N'2025-09-26T20:44:53.6858223+00:00' AS DateTimeOffset), NULL, NULL, NULL, 1, 0)
GO
INSERT [dbo].[UserPreferredLocation] ([UserPreferredLocationId], [UserAccountId], [CountryId], [CityId], [CreatedByIp], [CreatedByUserId], [CreatedDateTime], [ModifiedByIp], [ModifiedByUserId], [ModifiedDateTime], [IsActive], [IsDeleted]) VALUES (106, 3, 16, 81, N'127.0.0.1      ', NULL, CAST(N'2025-09-26T20:44:53.6858243+00:00' AS DateTimeOffset), NULL, NULL, NULL, 1, 0)
GO
INSERT [dbo].[UserPreferredLocation] ([UserPreferredLocationId], [UserAccountId], [CountryId], [CityId], [CreatedByIp], [CreatedByUserId], [CreatedDateTime], [ModifiedByIp], [ModifiedByUserId], [ModifiedDateTime], [IsActive], [IsDeleted]) VALUES (107, 3, 16, 82, N'127.0.0.1      ', NULL, CAST(N'2025-09-26T20:44:53.6858264+00:00' AS DateTimeOffset), NULL, NULL, NULL, 1, 0)
GO
INSERT [dbo].[UserPreferredLocation] ([UserPreferredLocationId], [UserAccountId], [CountryId], [CityId], [CreatedByIp], [CreatedByUserId], [CreatedDateTime], [ModifiedByIp], [ModifiedByUserId], [ModifiedDateTime], [IsActive], [IsDeleted]) VALUES (108, 3, 17, 83, N'127.0.0.1      ', NULL, CAST(N'2025-09-26T20:44:53.6858284+00:00' AS DateTimeOffset), NULL, NULL, NULL, 1, 0)
GO
INSERT [dbo].[UserPreferredLocation] ([UserPreferredLocationId], [UserAccountId], [CountryId], [CityId], [CreatedByIp], [CreatedByUserId], [CreatedDateTime], [ModifiedByIp], [ModifiedByUserId], [ModifiedDateTime], [IsActive], [IsDeleted]) VALUES (109, 3, 17, 84, N'127.0.0.1      ', NULL, CAST(N'2025-09-26T20:44:53.6858305+00:00' AS DateTimeOffset), NULL, NULL, NULL, 1, 0)
GO
INSERT [dbo].[UserPreferredLocation] ([UserPreferredLocationId], [UserAccountId], [CountryId], [CityId], [CreatedByIp], [CreatedByUserId], [CreatedDateTime], [ModifiedByIp], [ModifiedByUserId], [ModifiedDateTime], [IsActive], [IsDeleted]) VALUES (110, 3, 17, 85, N'127.0.0.1      ', NULL, CAST(N'2025-09-26T20:44:53.6858326+00:00' AS DateTimeOffset), NULL, NULL, NULL, 1, 0)
GO
INSERT [dbo].[UserPreferredLocation] ([UserPreferredLocationId], [UserAccountId], [CountryId], [CityId], [CreatedByIp], [CreatedByUserId], [CreatedDateTime], [ModifiedByIp], [ModifiedByUserId], [ModifiedDateTime], [IsActive], [IsDeleted]) VALUES (111, 3, 17, 86, N'127.0.0.1      ', NULL, CAST(N'2025-09-26T20:44:53.6858346+00:00' AS DateTimeOffset), NULL, NULL, NULL, 1, 0)
GO
INSERT [dbo].[UserPreferredLocation] ([UserPreferredLocationId], [UserAccountId], [CountryId], [CityId], [CreatedByIp], [CreatedByUserId], [CreatedDateTime], [ModifiedByIp], [ModifiedByUserId], [ModifiedDateTime], [IsActive], [IsDeleted]) VALUES (112, 3, 17, 87, N'127.0.0.1      ', NULL, CAST(N'2025-09-26T20:44:53.6858367+00:00' AS DateTimeOffset), NULL, NULL, NULL, 1, 0)
GO
INSERT [dbo].[UserPreferredLocation] ([UserPreferredLocationId], [UserAccountId], [CountryId], [CityId], [CreatedByIp], [CreatedByUserId], [CreatedDateTime], [ModifiedByIp], [ModifiedByUserId], [ModifiedDateTime], [IsActive], [IsDeleted]) VALUES (113, 3, 18, 88, N'127.0.0.1      ', NULL, CAST(N'2025-09-26T20:44:53.6858388+00:00' AS DateTimeOffset), NULL, NULL, NULL, 1, 0)
GO
INSERT [dbo].[UserPreferredLocation] ([UserPreferredLocationId], [UserAccountId], [CountryId], [CityId], [CreatedByIp], [CreatedByUserId], [CreatedDateTime], [ModifiedByIp], [ModifiedByUserId], [ModifiedDateTime], [IsActive], [IsDeleted]) VALUES (114, 3, 18, 89, N'127.0.0.1      ', NULL, CAST(N'2025-09-26T20:44:53.6858408+00:00' AS DateTimeOffset), NULL, NULL, NULL, 1, 0)
GO
INSERT [dbo].[UserPreferredLocation] ([UserPreferredLocationId], [UserAccountId], [CountryId], [CityId], [CreatedByIp], [CreatedByUserId], [CreatedDateTime], [ModifiedByIp], [ModifiedByUserId], [ModifiedDateTime], [IsActive], [IsDeleted]) VALUES (115, 3, 18, 90, N'127.0.0.1      ', NULL, CAST(N'2025-09-26T20:44:53.6858430+00:00' AS DateTimeOffset), NULL, NULL, NULL, 1, 0)
GO
INSERT [dbo].[UserPreferredLocation] ([UserPreferredLocationId], [UserAccountId], [CountryId], [CityId], [CreatedByIp], [CreatedByUserId], [CreatedDateTime], [ModifiedByIp], [ModifiedByUserId], [ModifiedDateTime], [IsActive], [IsDeleted]) VALUES (116, 3, 19, 91, N'127.0.0.1      ', NULL, CAST(N'2025-09-26T20:44:53.6858451+00:00' AS DateTimeOffset), NULL, NULL, NULL, 1, 0)
GO
INSERT [dbo].[UserPreferredLocation] ([UserPreferredLocationId], [UserAccountId], [CountryId], [CityId], [CreatedByIp], [CreatedByUserId], [CreatedDateTime], [ModifiedByIp], [ModifiedByUserId], [ModifiedDateTime], [IsActive], [IsDeleted]) VALUES (117, 3, 19, 92, N'127.0.0.1      ', NULL, CAST(N'2025-09-26T20:44:53.6858471+00:00' AS DateTimeOffset), NULL, NULL, NULL, 1, 0)
GO
INSERT [dbo].[UserPreferredLocation] ([UserPreferredLocationId], [UserAccountId], [CountryId], [CityId], [CreatedByIp], [CreatedByUserId], [CreatedDateTime], [ModifiedByIp], [ModifiedByUserId], [ModifiedDateTime], [IsActive], [IsDeleted]) VALUES (118, 3, 19, 93, N'127.0.0.1      ', NULL, CAST(N'2025-09-26T20:44:53.6858492+00:00' AS DateTimeOffset), NULL, NULL, NULL, 1, 0)
GO
INSERT [dbo].[UserPreferredLocation] ([UserPreferredLocationId], [UserAccountId], [CountryId], [CityId], [CreatedByIp], [CreatedByUserId], [CreatedDateTime], [ModifiedByIp], [ModifiedByUserId], [ModifiedDateTime], [IsActive], [IsDeleted]) VALUES (119, 3, 19, 94, N'127.0.0.1      ', NULL, CAST(N'2025-09-26T20:44:53.6858513+00:00' AS DateTimeOffset), NULL, NULL, NULL, 1, 0)
GO
INSERT [dbo].[UserPreferredLocation] ([UserPreferredLocationId], [UserAccountId], [CountryId], [CityId], [CreatedByIp], [CreatedByUserId], [CreatedDateTime], [ModifiedByIp], [ModifiedByUserId], [ModifiedDateTime], [IsActive], [IsDeleted]) VALUES (120, 3, 20, 95, N'127.0.0.1      ', NULL, CAST(N'2025-09-26T20:44:53.6858533+00:00' AS DateTimeOffset), NULL, NULL, NULL, 1, 0)
GO
INSERT [dbo].[UserPreferredLocation] ([UserPreferredLocationId], [UserAccountId], [CountryId], [CityId], [CreatedByIp], [CreatedByUserId], [CreatedDateTime], [ModifiedByIp], [ModifiedByUserId], [ModifiedDateTime], [IsActive], [IsDeleted]) VALUES (121, 3, 20, 96, N'127.0.0.1      ', NULL, CAST(N'2025-09-26T20:44:53.6858554+00:00' AS DateTimeOffset), NULL, NULL, NULL, 1, 0)
GO
INSERT [dbo].[UserPreferredLocation] ([UserPreferredLocationId], [UserAccountId], [CountryId], [CityId], [CreatedByIp], [CreatedByUserId], [CreatedDateTime], [ModifiedByIp], [ModifiedByUserId], [ModifiedDateTime], [IsActive], [IsDeleted]) VALUES (122, 3, 20, 97, N'127.0.0.1      ', NULL, CAST(N'2025-09-26T20:44:53.6858592+00:00' AS DateTimeOffset), NULL, NULL, NULL, 1, 0)
GO
INSERT [dbo].[UserPreferredLocation] ([UserPreferredLocationId], [UserAccountId], [CountryId], [CityId], [CreatedByIp], [CreatedByUserId], [CreatedDateTime], [ModifiedByIp], [ModifiedByUserId], [ModifiedDateTime], [IsActive], [IsDeleted]) VALUES (123, 3, 20, 98, N'127.0.0.1      ', NULL, CAST(N'2025-09-26T20:44:53.6858614+00:00' AS DateTimeOffset), NULL, NULL, NULL, 1, 0)
GO
INSERT [dbo].[UserPreferredLocation] ([UserPreferredLocationId], [UserAccountId], [CountryId], [CityId], [CreatedByIp], [CreatedByUserId], [CreatedDateTime], [ModifiedByIp], [ModifiedByUserId], [ModifiedDateTime], [IsActive], [IsDeleted]) VALUES (124, 3, 20, 99, N'127.0.0.1      ', NULL, CAST(N'2025-09-26T20:44:53.6858635+00:00' AS DateTimeOffset), NULL, NULL, NULL, 1, 0)
GO
INSERT [dbo].[UserPreferredLocation] ([UserPreferredLocationId], [UserAccountId], [CountryId], [CityId], [CreatedByIp], [CreatedByUserId], [CreatedDateTime], [ModifiedByIp], [ModifiedByUserId], [ModifiedDateTime], [IsActive], [IsDeleted]) VALUES (125, 3, 21, 100, N'127.0.0.1      ', NULL, CAST(N'2025-09-26T20:44:53.6858655+00:00' AS DateTimeOffset), NULL, NULL, NULL, 1, 0)
GO
INSERT [dbo].[UserPreferredLocation] ([UserPreferredLocationId], [UserAccountId], [CountryId], [CityId], [CreatedByIp], [CreatedByUserId], [CreatedDateTime], [ModifiedByIp], [ModifiedByUserId], [ModifiedDateTime], [IsActive], [IsDeleted]) VALUES (126, 3, 21, 101, N'127.0.0.1      ', NULL, CAST(N'2025-09-26T20:44:53.6858676+00:00' AS DateTimeOffset), NULL, NULL, NULL, 1, 0)
GO
INSERT [dbo].[UserPreferredLocation] ([UserPreferredLocationId], [UserAccountId], [CountryId], [CityId], [CreatedByIp], [CreatedByUserId], [CreatedDateTime], [ModifiedByIp], [ModifiedByUserId], [ModifiedDateTime], [IsActive], [IsDeleted]) VALUES (127, 3, 21, 102, N'127.0.0.1      ', NULL, CAST(N'2025-09-26T20:44:53.6858696+00:00' AS DateTimeOffset), NULL, NULL, NULL, 1, 0)
GO
INSERT [dbo].[UserPreferredLocation] ([UserPreferredLocationId], [UserAccountId], [CountryId], [CityId], [CreatedByIp], [CreatedByUserId], [CreatedDateTime], [ModifiedByIp], [ModifiedByUserId], [ModifiedDateTime], [IsActive], [IsDeleted]) VALUES (128, 3, 21, 103, N'127.0.0.1      ', NULL, CAST(N'2025-09-26T20:44:53.6858717+00:00' AS DateTimeOffset), NULL, NULL, NULL, 1, 0)
GO
INSERT [dbo].[UserPreferredLocation] ([UserPreferredLocationId], [UserAccountId], [CountryId], [CityId], [CreatedByIp], [CreatedByUserId], [CreatedDateTime], [ModifiedByIp], [ModifiedByUserId], [ModifiedDateTime], [IsActive], [IsDeleted]) VALUES (129, 3, 21, 104, N'127.0.0.1      ', NULL, CAST(N'2025-09-26T20:44:53.6858738+00:00' AS DateTimeOffset), NULL, NULL, NULL, 1, 0)
GO
INSERT [dbo].[UserPreferredLocation] ([UserPreferredLocationId], [UserAccountId], [CountryId], [CityId], [CreatedByIp], [CreatedByUserId], [CreatedDateTime], [ModifiedByIp], [ModifiedByUserId], [ModifiedDateTime], [IsActive], [IsDeleted]) VALUES (130, 3, 22, 105, N'127.0.0.1      ', NULL, CAST(N'2025-09-26T20:44:53.6858758+00:00' AS DateTimeOffset), NULL, NULL, NULL, 1, 0)
GO
INSERT [dbo].[UserPreferredLocation] ([UserPreferredLocationId], [UserAccountId], [CountryId], [CityId], [CreatedByIp], [CreatedByUserId], [CreatedDateTime], [ModifiedByIp], [ModifiedByUserId], [ModifiedDateTime], [IsActive], [IsDeleted]) VALUES (131, 3, 22, 106, N'127.0.0.1      ', NULL, CAST(N'2025-09-26T20:44:53.6858780+00:00' AS DateTimeOffset), NULL, NULL, NULL, 1, 0)
GO
INSERT [dbo].[UserPreferredLocation] ([UserPreferredLocationId], [UserAccountId], [CountryId], [CityId], [CreatedByIp], [CreatedByUserId], [CreatedDateTime], [ModifiedByIp], [ModifiedByUserId], [ModifiedDateTime], [IsActive], [IsDeleted]) VALUES (132, 3, 22, 107, N'127.0.0.1      ', NULL, CAST(N'2025-09-26T20:44:53.6858800+00:00' AS DateTimeOffset), NULL, NULL, NULL, 1, 0)
GO
INSERT [dbo].[UserPreferredLocation] ([UserPreferredLocationId], [UserAccountId], [CountryId], [CityId], [CreatedByIp], [CreatedByUserId], [CreatedDateTime], [ModifiedByIp], [ModifiedByUserId], [ModifiedDateTime], [IsActive], [IsDeleted]) VALUES (133, 3, 22, 108, N'127.0.0.1      ', NULL, CAST(N'2025-09-26T20:44:53.6858821+00:00' AS DateTimeOffset), NULL, NULL, NULL, 1, 0)
GO
INSERT [dbo].[UserPreferredLocation] ([UserPreferredLocationId], [UserAccountId], [CountryId], [CityId], [CreatedByIp], [CreatedByUserId], [CreatedDateTime], [ModifiedByIp], [ModifiedByUserId], [ModifiedDateTime], [IsActive], [IsDeleted]) VALUES (134, 3, 22, 109, N'127.0.0.1      ', NULL, CAST(N'2025-09-26T20:44:53.6858841+00:00' AS DateTimeOffset), NULL, NULL, NULL, 1, 0)
GO
INSERT [dbo].[UserPreferredLocation] ([UserPreferredLocationId], [UserAccountId], [CountryId], [CityId], [CreatedByIp], [CreatedByUserId], [CreatedDateTime], [ModifiedByIp], [ModifiedByUserId], [ModifiedDateTime], [IsActive], [IsDeleted]) VALUES (135, 3, 23, 110, N'127.0.0.1      ', NULL, CAST(N'2025-09-26T20:44:53.6858862+00:00' AS DateTimeOffset), NULL, NULL, NULL, 1, 0)
GO
INSERT [dbo].[UserPreferredLocation] ([UserPreferredLocationId], [UserAccountId], [CountryId], [CityId], [CreatedByIp], [CreatedByUserId], [CreatedDateTime], [ModifiedByIp], [ModifiedByUserId], [ModifiedDateTime], [IsActive], [IsDeleted]) VALUES (136, 3, 23, 111, N'127.0.0.1      ', NULL, CAST(N'2025-09-26T20:44:53.6858883+00:00' AS DateTimeOffset), NULL, NULL, NULL, 1, 0)
GO
INSERT [dbo].[UserPreferredLocation] ([UserPreferredLocationId], [UserAccountId], [CountryId], [CityId], [CreatedByIp], [CreatedByUserId], [CreatedDateTime], [ModifiedByIp], [ModifiedByUserId], [ModifiedDateTime], [IsActive], [IsDeleted]) VALUES (137, 3, 23, 112, N'127.0.0.1      ', NULL, CAST(N'2025-09-26T20:44:53.6858904+00:00' AS DateTimeOffset), NULL, NULL, NULL, 1, 0)
GO
INSERT [dbo].[UserPreferredLocation] ([UserPreferredLocationId], [UserAccountId], [CountryId], [CityId], [CreatedByIp], [CreatedByUserId], [CreatedDateTime], [ModifiedByIp], [ModifiedByUserId], [ModifiedDateTime], [IsActive], [IsDeleted]) VALUES (138, 3, 23, 113, N'127.0.0.1      ', NULL, CAST(N'2025-09-26T20:44:53.6858924+00:00' AS DateTimeOffset), NULL, NULL, NULL, 1, 0)
GO
INSERT [dbo].[UserPreferredLocation] ([UserPreferredLocationId], [UserAccountId], [CountryId], [CityId], [CreatedByIp], [CreatedByUserId], [CreatedDateTime], [ModifiedByIp], [ModifiedByUserId], [ModifiedDateTime], [IsActive], [IsDeleted]) VALUES (139, 3, 24, 114, N'127.0.0.1      ', NULL, CAST(N'2025-09-26T20:44:53.6859012+00:00' AS DateTimeOffset), NULL, NULL, NULL, 1, 0)
GO
INSERT [dbo].[UserPreferredLocation] ([UserPreferredLocationId], [UserAccountId], [CountryId], [CityId], [CreatedByIp], [CreatedByUserId], [CreatedDateTime], [ModifiedByIp], [ModifiedByUserId], [ModifiedDateTime], [IsActive], [IsDeleted]) VALUES (140, 3, 24, 115, N'127.0.0.1      ', NULL, CAST(N'2025-09-26T20:44:53.6859035+00:00' AS DateTimeOffset), NULL, NULL, NULL, 1, 0)
GO
INSERT [dbo].[UserPreferredLocation] ([UserPreferredLocationId], [UserAccountId], [CountryId], [CityId], [CreatedByIp], [CreatedByUserId], [CreatedDateTime], [ModifiedByIp], [ModifiedByUserId], [ModifiedDateTime], [IsActive], [IsDeleted]) VALUES (141, 3, 24, 116, N'127.0.0.1      ', NULL, CAST(N'2025-09-26T20:44:53.6859056+00:00' AS DateTimeOffset), NULL, NULL, NULL, 1, 0)
GO
INSERT [dbo].[UserPreferredLocation] ([UserPreferredLocationId], [UserAccountId], [CountryId], [CityId], [CreatedByIp], [CreatedByUserId], [CreatedDateTime], [ModifiedByIp], [ModifiedByUserId], [ModifiedDateTime], [IsActive], [IsDeleted]) VALUES (142, 3, 24, 117, N'127.0.0.1      ', NULL, CAST(N'2025-09-26T20:44:53.6859077+00:00' AS DateTimeOffset), NULL, NULL, NULL, 1, 0)
GO
INSERT [dbo].[UserPreferredLocation] ([UserPreferredLocationId], [UserAccountId], [CountryId], [CityId], [CreatedByIp], [CreatedByUserId], [CreatedDateTime], [ModifiedByIp], [ModifiedByUserId], [ModifiedDateTime], [IsActive], [IsDeleted]) VALUES (143, 3, 24, 118, N'127.0.0.1      ', NULL, CAST(N'2025-09-26T20:44:53.6859097+00:00' AS DateTimeOffset), NULL, NULL, NULL, 1, 0)
GO
INSERT [dbo].[UserPreferredLocation] ([UserPreferredLocationId], [UserAccountId], [CountryId], [CityId], [CreatedByIp], [CreatedByUserId], [CreatedDateTime], [ModifiedByIp], [ModifiedByUserId], [ModifiedDateTime], [IsActive], [IsDeleted]) VALUES (144, 3, 25, 119, N'127.0.0.1      ', NULL, CAST(N'2025-09-26T20:44:53.6859118+00:00' AS DateTimeOffset), NULL, NULL, NULL, 1, 0)
GO
INSERT [dbo].[UserPreferredLocation] ([UserPreferredLocationId], [UserAccountId], [CountryId], [CityId], [CreatedByIp], [CreatedByUserId], [CreatedDateTime], [ModifiedByIp], [ModifiedByUserId], [ModifiedDateTime], [IsActive], [IsDeleted]) VALUES (145, 3, 25, 120, N'127.0.0.1      ', NULL, CAST(N'2025-09-26T20:44:53.6859139+00:00' AS DateTimeOffset), NULL, NULL, NULL, 1, 0)
GO
INSERT [dbo].[UserPreferredLocation] ([UserPreferredLocationId], [UserAccountId], [CountryId], [CityId], [CreatedByIp], [CreatedByUserId], [CreatedDateTime], [ModifiedByIp], [ModifiedByUserId], [ModifiedDateTime], [IsActive], [IsDeleted]) VALUES (146, 3, 25, 121, N'127.0.0.1      ', NULL, CAST(N'2025-09-26T20:44:53.6859159+00:00' AS DateTimeOffset), NULL, NULL, NULL, 1, 0)
GO
INSERT [dbo].[UserPreferredLocation] ([UserPreferredLocationId], [UserAccountId], [CountryId], [CityId], [CreatedByIp], [CreatedByUserId], [CreatedDateTime], [ModifiedByIp], [ModifiedByUserId], [ModifiedDateTime], [IsActive], [IsDeleted]) VALUES (147, 3, 25, 122, N'127.0.0.1      ', NULL, CAST(N'2025-09-26T20:44:53.6859180+00:00' AS DateTimeOffset), NULL, NULL, NULL, 1, 0)
GO
INSERT [dbo].[UserPreferredLocation] ([UserPreferredLocationId], [UserAccountId], [CountryId], [CityId], [CreatedByIp], [CreatedByUserId], [CreatedDateTime], [ModifiedByIp], [ModifiedByUserId], [ModifiedDateTime], [IsActive], [IsDeleted]) VALUES (148, 3, 25, 123, N'127.0.0.1      ', NULL, CAST(N'2025-09-26T20:44:53.6859201+00:00' AS DateTimeOffset), NULL, NULL, NULL, 1, 0)
GO
INSERT [dbo].[UserPreferredLocation] ([UserPreferredLocationId], [UserAccountId], [CountryId], [CityId], [CreatedByIp], [CreatedByUserId], [CreatedDateTime], [ModifiedByIp], [ModifiedByUserId], [ModifiedDateTime], [IsActive], [IsDeleted]) VALUES (149, 3, 25, 124, N'127.0.0.1      ', NULL, CAST(N'2025-09-26T20:44:53.6859221+00:00' AS DateTimeOffset), NULL, NULL, NULL, 1, 0)
GO
INSERT [dbo].[UserPreferredLocation] ([UserPreferredLocationId], [UserAccountId], [CountryId], [CityId], [CreatedByIp], [CreatedByUserId], [CreatedDateTime], [ModifiedByIp], [ModifiedByUserId], [ModifiedDateTime], [IsActive], [IsDeleted]) VALUES (150, 3, 25, 125, N'127.0.0.1      ', NULL, CAST(N'2025-09-26T20:44:53.6859242+00:00' AS DateTimeOffset), NULL, NULL, NULL, 1, 0)
GO
INSERT [dbo].[UserPreferredLocation] ([UserPreferredLocationId], [UserAccountId], [CountryId], [CityId], [CreatedByIp], [CreatedByUserId], [CreatedDateTime], [ModifiedByIp], [ModifiedByUserId], [ModifiedDateTime], [IsActive], [IsDeleted]) VALUES (151, 3, 25, 126, N'127.0.0.1      ', NULL, CAST(N'2025-09-26T20:44:53.6859262+00:00' AS DateTimeOffset), NULL, NULL, NULL, 1, 0)
GO
INSERT [dbo].[UserPreferredLocation] ([UserPreferredLocationId], [UserAccountId], [CountryId], [CityId], [CreatedByIp], [CreatedByUserId], [CreatedDateTime], [ModifiedByIp], [ModifiedByUserId], [ModifiedDateTime], [IsActive], [IsDeleted]) VALUES (152, 3, 25, 127, N'127.0.0.1      ', NULL, CAST(N'2025-09-26T20:44:53.6859283+00:00' AS DateTimeOffset), NULL, NULL, NULL, 1, 0)
GO
INSERT [dbo].[UserPreferredLocation] ([UserPreferredLocationId], [UserAccountId], [CountryId], [CityId], [CreatedByIp], [CreatedByUserId], [CreatedDateTime], [ModifiedByIp], [ModifiedByUserId], [ModifiedDateTime], [IsActive], [IsDeleted]) VALUES (153, 6, 1, 1, N'127.0.0.1      ', NULL, CAST(N'2025-09-28T04:56:49.3857155+00:00' AS DateTimeOffset), NULL, NULL, NULL, 1, 0)
GO
INSERT [dbo].[UserPreferredLocation] ([UserPreferredLocationId], [UserAccountId], [CountryId], [CityId], [CreatedByIp], [CreatedByUserId], [CreatedDateTime], [ModifiedByIp], [ModifiedByUserId], [ModifiedDateTime], [IsActive], [IsDeleted]) VALUES (154, 6, 1, 2, N'127.0.0.1      ', NULL, CAST(N'2025-09-28T04:56:49.3857183+00:00' AS DateTimeOffset), NULL, NULL, NULL, 1, 0)
GO
INSERT [dbo].[UserPreferredLocation] ([UserPreferredLocationId], [UserAccountId], [CountryId], [CityId], [CreatedByIp], [CreatedByUserId], [CreatedDateTime], [ModifiedByIp], [ModifiedByUserId], [ModifiedDateTime], [IsActive], [IsDeleted]) VALUES (155, 6, 1, 3, N'127.0.0.1      ', NULL, CAST(N'2025-09-28T04:56:49.3857215+00:00' AS DateTimeOffset), NULL, NULL, NULL, 1, 0)
GO
INSERT [dbo].[UserPreferredLocation] ([UserPreferredLocationId], [UserAccountId], [CountryId], [CityId], [CreatedByIp], [CreatedByUserId], [CreatedDateTime], [ModifiedByIp], [ModifiedByUserId], [ModifiedDateTime], [IsActive], [IsDeleted]) VALUES (156, 6, 1, 4, N'127.0.0.1      ', NULL, CAST(N'2025-09-28T04:56:49.3857232+00:00' AS DateTimeOffset), NULL, NULL, NULL, 1, 0)
GO
INSERT [dbo].[UserPreferredLocation] ([UserPreferredLocationId], [UserAccountId], [CountryId], [CityId], [CreatedByIp], [CreatedByUserId], [CreatedDateTime], [ModifiedByIp], [ModifiedByUserId], [ModifiedDateTime], [IsActive], [IsDeleted]) VALUES (157, 6, 1, 5, N'127.0.0.1      ', NULL, CAST(N'2025-09-28T04:56:49.3857249+00:00' AS DateTimeOffset), NULL, NULL, NULL, 1, 0)
GO
INSERT [dbo].[UserPreferredLocation] ([UserPreferredLocationId], [UserAccountId], [CountryId], [CityId], [CreatedByIp], [CreatedByUserId], [CreatedDateTime], [ModifiedByIp], [ModifiedByUserId], [ModifiedDateTime], [IsActive], [IsDeleted]) VALUES (158, 6, 1, 6, N'127.0.0.1      ', NULL, CAST(N'2025-09-28T04:56:49.3857265+00:00' AS DateTimeOffset), NULL, NULL, NULL, 1, 0)
GO
INSERT [dbo].[UserPreferredLocation] ([UserPreferredLocationId], [UserAccountId], [CountryId], [CityId], [CreatedByIp], [CreatedByUserId], [CreatedDateTime], [ModifiedByIp], [ModifiedByUserId], [ModifiedDateTime], [IsActive], [IsDeleted]) VALUES (159, 6, 1, 7, N'127.0.0.1      ', NULL, CAST(N'2025-09-28T04:56:49.3857281+00:00' AS DateTimeOffset), NULL, NULL, NULL, 1, 0)
GO
INSERT [dbo].[UserPreferredLocation] ([UserPreferredLocationId], [UserAccountId], [CountryId], [CityId], [CreatedByIp], [CreatedByUserId], [CreatedDateTime], [ModifiedByIp], [ModifiedByUserId], [ModifiedDateTime], [IsActive], [IsDeleted]) VALUES (160, 6, 1, 8, N'127.0.0.1      ', NULL, CAST(N'2025-09-28T04:56:49.3857298+00:00' AS DateTimeOffset), NULL, NULL, NULL, 1, 0)
GO
INSERT [dbo].[UserPreferredLocation] ([UserPreferredLocationId], [UserAccountId], [CountryId], [CityId], [CreatedByIp], [CreatedByUserId], [CreatedDateTime], [ModifiedByIp], [ModifiedByUserId], [ModifiedDateTime], [IsActive], [IsDeleted]) VALUES (161, 6, 1, 9, N'127.0.0.1      ', NULL, CAST(N'2025-09-28T04:56:49.3857314+00:00' AS DateTimeOffset), NULL, NULL, NULL, 1, 0)
GO
INSERT [dbo].[UserPreferredLocation] ([UserPreferredLocationId], [UserAccountId], [CountryId], [CityId], [CreatedByIp], [CreatedByUserId], [CreatedDateTime], [ModifiedByIp], [ModifiedByUserId], [ModifiedDateTime], [IsActive], [IsDeleted]) VALUES (162, 6, 1, 10, N'127.0.0.1      ', NULL, CAST(N'2025-09-28T04:56:49.3857330+00:00' AS DateTimeOffset), NULL, NULL, NULL, 1, 0)
GO
INSERT [dbo].[UserPreferredLocation] ([UserPreferredLocationId], [UserAccountId], [CountryId], [CityId], [CreatedByIp], [CreatedByUserId], [CreatedDateTime], [ModifiedByIp], [ModifiedByUserId], [ModifiedDateTime], [IsActive], [IsDeleted]) VALUES (163, 6, 1, 11, N'127.0.0.1      ', NULL, CAST(N'2025-09-28T04:56:49.3857347+00:00' AS DateTimeOffset), NULL, NULL, NULL, 1, 0)
GO
INSERT [dbo].[UserPreferredLocation] ([UserPreferredLocationId], [UserAccountId], [CountryId], [CityId], [CreatedByIp], [CreatedByUserId], [CreatedDateTime], [ModifiedByIp], [ModifiedByUserId], [ModifiedDateTime], [IsActive], [IsDeleted]) VALUES (164, 6, 1, 12, N'127.0.0.1      ', NULL, CAST(N'2025-09-28T04:56:49.3857363+00:00' AS DateTimeOffset), NULL, NULL, NULL, 1, 0)
GO
INSERT [dbo].[UserPreferredLocation] ([UserPreferredLocationId], [UserAccountId], [CountryId], [CityId], [CreatedByIp], [CreatedByUserId], [CreatedDateTime], [ModifiedByIp], [ModifiedByUserId], [ModifiedDateTime], [IsActive], [IsDeleted]) VALUES (165, 6, 1, 13, N'127.0.0.1      ', NULL, CAST(N'2025-09-28T04:56:49.3857379+00:00' AS DateTimeOffset), NULL, NULL, NULL, 1, 0)
GO
INSERT [dbo].[UserPreferredLocation] ([UserPreferredLocationId], [UserAccountId], [CountryId], [CityId], [CreatedByIp], [CreatedByUserId], [CreatedDateTime], [ModifiedByIp], [ModifiedByUserId], [ModifiedDateTime], [IsActive], [IsDeleted]) VALUES (166, 6, 1, 14, N'127.0.0.1      ', NULL, CAST(N'2025-09-28T04:56:49.3857396+00:00' AS DateTimeOffset), NULL, NULL, NULL, 1, 0)
GO
INSERT [dbo].[UserPreferredLocation] ([UserPreferredLocationId], [UserAccountId], [CountryId], [CityId], [CreatedByIp], [CreatedByUserId], [CreatedDateTime], [ModifiedByIp], [ModifiedByUserId], [ModifiedDateTime], [IsActive], [IsDeleted]) VALUES (167, 7, 1, 1, N'127.0.0.1      ', NULL, CAST(N'2025-09-28T04:58:10.2688945+00:00' AS DateTimeOffset), NULL, NULL, NULL, 1, 0)
GO
INSERT [dbo].[UserPreferredLocation] ([UserPreferredLocationId], [UserAccountId], [CountryId], [CityId], [CreatedByIp], [CreatedByUserId], [CreatedDateTime], [ModifiedByIp], [ModifiedByUserId], [ModifiedDateTime], [IsActive], [IsDeleted]) VALUES (168, 7, 1, 2, N'127.0.0.1      ', NULL, CAST(N'2025-09-28T04:58:10.2688981+00:00' AS DateTimeOffset), NULL, NULL, NULL, 1, 0)
GO
INSERT [dbo].[UserPreferredLocation] ([UserPreferredLocationId], [UserAccountId], [CountryId], [CityId], [CreatedByIp], [CreatedByUserId], [CreatedDateTime], [ModifiedByIp], [ModifiedByUserId], [ModifiedDateTime], [IsActive], [IsDeleted]) VALUES (169, 7, 1, 3, N'127.0.0.1      ', NULL, CAST(N'2025-09-28T04:58:10.2689004+00:00' AS DateTimeOffset), NULL, NULL, NULL, 1, 0)
GO
INSERT [dbo].[UserPreferredLocation] ([UserPreferredLocationId], [UserAccountId], [CountryId], [CityId], [CreatedByIp], [CreatedByUserId], [CreatedDateTime], [ModifiedByIp], [ModifiedByUserId], [ModifiedDateTime], [IsActive], [IsDeleted]) VALUES (170, 7, 1, 4, N'127.0.0.1      ', NULL, CAST(N'2025-09-28T04:58:10.2689026+00:00' AS DateTimeOffset), NULL, NULL, NULL, 1, 0)
GO
INSERT [dbo].[UserPreferredLocation] ([UserPreferredLocationId], [UserAccountId], [CountryId], [CityId], [CreatedByIp], [CreatedByUserId], [CreatedDateTime], [ModifiedByIp], [ModifiedByUserId], [ModifiedDateTime], [IsActive], [IsDeleted]) VALUES (171, 7, 1, 5, N'127.0.0.1      ', NULL, CAST(N'2025-09-28T04:58:10.2689047+00:00' AS DateTimeOffset), NULL, NULL, NULL, 1, 0)
GO
INSERT [dbo].[UserPreferredLocation] ([UserPreferredLocationId], [UserAccountId], [CountryId], [CityId], [CreatedByIp], [CreatedByUserId], [CreatedDateTime], [ModifiedByIp], [ModifiedByUserId], [ModifiedDateTime], [IsActive], [IsDeleted]) VALUES (172, 7, 1, 6, N'127.0.0.1      ', NULL, CAST(N'2025-09-28T04:58:10.2689067+00:00' AS DateTimeOffset), NULL, NULL, NULL, 1, 0)
GO
INSERT [dbo].[UserPreferredLocation] ([UserPreferredLocationId], [UserAccountId], [CountryId], [CityId], [CreatedByIp], [CreatedByUserId], [CreatedDateTime], [ModifiedByIp], [ModifiedByUserId], [ModifiedDateTime], [IsActive], [IsDeleted]) VALUES (173, 7, 1, 7, N'127.0.0.1      ', NULL, CAST(N'2025-09-28T04:58:10.2689091+00:00' AS DateTimeOffset), NULL, NULL, NULL, 1, 0)
GO
INSERT [dbo].[UserPreferredLocation] ([UserPreferredLocationId], [UserAccountId], [CountryId], [CityId], [CreatedByIp], [CreatedByUserId], [CreatedDateTime], [ModifiedByIp], [ModifiedByUserId], [ModifiedDateTime], [IsActive], [IsDeleted]) VALUES (174, 7, 1, 8, N'127.0.0.1      ', NULL, CAST(N'2025-09-28T04:58:10.2689112+00:00' AS DateTimeOffset), NULL, NULL, NULL, 1, 0)
GO
INSERT [dbo].[UserPreferredLocation] ([UserPreferredLocationId], [UserAccountId], [CountryId], [CityId], [CreatedByIp], [CreatedByUserId], [CreatedDateTime], [ModifiedByIp], [ModifiedByUserId], [ModifiedDateTime], [IsActive], [IsDeleted]) VALUES (175, 7, 1, 9, N'127.0.0.1      ', NULL, CAST(N'2025-09-28T04:58:10.2689133+00:00' AS DateTimeOffset), NULL, NULL, NULL, 1, 0)
GO
INSERT [dbo].[UserPreferredLocation] ([UserPreferredLocationId], [UserAccountId], [CountryId], [CityId], [CreatedByIp], [CreatedByUserId], [CreatedDateTime], [ModifiedByIp], [ModifiedByUserId], [ModifiedDateTime], [IsActive], [IsDeleted]) VALUES (176, 7, 1, 10, N'127.0.0.1      ', NULL, CAST(N'2025-09-28T04:58:10.2689154+00:00' AS DateTimeOffset), NULL, NULL, NULL, 1, 0)
GO
INSERT [dbo].[UserPreferredLocation] ([UserPreferredLocationId], [UserAccountId], [CountryId], [CityId], [CreatedByIp], [CreatedByUserId], [CreatedDateTime], [ModifiedByIp], [ModifiedByUserId], [ModifiedDateTime], [IsActive], [IsDeleted]) VALUES (177, 7, 1, 11, N'127.0.0.1      ', NULL, CAST(N'2025-09-28T04:58:10.2689175+00:00' AS DateTimeOffset), NULL, NULL, NULL, 1, 0)
GO
INSERT [dbo].[UserPreferredLocation] ([UserPreferredLocationId], [UserAccountId], [CountryId], [CityId], [CreatedByIp], [CreatedByUserId], [CreatedDateTime], [ModifiedByIp], [ModifiedByUserId], [ModifiedDateTime], [IsActive], [IsDeleted]) VALUES (178, 7, 1, 12, N'127.0.0.1      ', NULL, CAST(N'2025-09-28T04:58:10.2689196+00:00' AS DateTimeOffset), NULL, NULL, NULL, 1, 0)
GO
INSERT [dbo].[UserPreferredLocation] ([UserPreferredLocationId], [UserAccountId], [CountryId], [CityId], [CreatedByIp], [CreatedByUserId], [CreatedDateTime], [ModifiedByIp], [ModifiedByUserId], [ModifiedDateTime], [IsActive], [IsDeleted]) VALUES (179, 7, 1, 13, N'127.0.0.1      ', NULL, CAST(N'2025-09-28T04:58:10.2689216+00:00' AS DateTimeOffset), NULL, NULL, NULL, 1, 0)
GO
INSERT [dbo].[UserPreferredLocation] ([UserPreferredLocationId], [UserAccountId], [CountryId], [CityId], [CreatedByIp], [CreatedByUserId], [CreatedDateTime], [ModifiedByIp], [ModifiedByUserId], [ModifiedDateTime], [IsActive], [IsDeleted]) VALUES (180, 7, 1, 14, N'127.0.0.1      ', NULL, CAST(N'2025-09-28T04:58:10.2689237+00:00' AS DateTimeOffset), NULL, NULL, NULL, 1, 0)
GO
INSERT [dbo].[UserPreferredLocation] ([UserPreferredLocationId], [UserAccountId], [CountryId], [CityId], [CreatedByIp], [CreatedByUserId], [CreatedDateTime], [ModifiedByIp], [ModifiedByUserId], [ModifiedDateTime], [IsActive], [IsDeleted]) VALUES (181, 8, 13, 62, N'127.0.0.1      ', NULL, CAST(N'2025-09-28T04:58:49.7933528+00:00' AS DateTimeOffset), NULL, NULL, NULL, 1, 0)
GO
INSERT [dbo].[UserPreferredLocation] ([UserPreferredLocationId], [UserAccountId], [CountryId], [CityId], [CreatedByIp], [CreatedByUserId], [CreatedDateTime], [ModifiedByIp], [ModifiedByUserId], [ModifiedDateTime], [IsActive], [IsDeleted]) VALUES (182, 8, 13, 63, N'127.0.0.1      ', NULL, CAST(N'2025-09-28T04:58:49.7933556+00:00' AS DateTimeOffset), NULL, NULL, NULL, 1, 0)
GO
INSERT [dbo].[UserPreferredLocation] ([UserPreferredLocationId], [UserAccountId], [CountryId], [CityId], [CreatedByIp], [CreatedByUserId], [CreatedDateTime], [ModifiedByIp], [ModifiedByUserId], [ModifiedDateTime], [IsActive], [IsDeleted]) VALUES (183, 8, 13, 64, N'127.0.0.1      ', NULL, CAST(N'2025-09-28T04:58:49.7933573+00:00' AS DateTimeOffset), NULL, NULL, NULL, 1, 0)
GO
INSERT [dbo].[UserPreferredLocation] ([UserPreferredLocationId], [UserAccountId], [CountryId], [CityId], [CreatedByIp], [CreatedByUserId], [CreatedDateTime], [ModifiedByIp], [ModifiedByUserId], [ModifiedDateTime], [IsActive], [IsDeleted]) VALUES (184, 8, 13, 65, N'127.0.0.1      ', NULL, CAST(N'2025-09-28T04:58:49.7933589+00:00' AS DateTimeOffset), NULL, NULL, NULL, 1, 0)
GO
INSERT [dbo].[UserPreferredLocation] ([UserPreferredLocationId], [UserAccountId], [CountryId], [CityId], [CreatedByIp], [CreatedByUserId], [CreatedDateTime], [ModifiedByIp], [ModifiedByUserId], [ModifiedDateTime], [IsActive], [IsDeleted]) VALUES (185, 8, 13, 66, N'127.0.0.1      ', NULL, CAST(N'2025-09-28T04:58:49.7933605+00:00' AS DateTimeOffset), NULL, NULL, NULL, 1, 0)
GO
INSERT [dbo].[UserPreferredLocation] ([UserPreferredLocationId], [UserAccountId], [CountryId], [CityId], [CreatedByIp], [CreatedByUserId], [CreatedDateTime], [ModifiedByIp], [ModifiedByUserId], [ModifiedDateTime], [IsActive], [IsDeleted]) VALUES (186, 9, 13, 62, N'127.0.0.1      ', NULL, CAST(N'2025-09-28T13:34:55.1466727+00:00' AS DateTimeOffset), NULL, NULL, NULL, 1, 0)
GO
INSERT [dbo].[UserPreferredLocation] ([UserPreferredLocationId], [UserAccountId], [CountryId], [CityId], [CreatedByIp], [CreatedByUserId], [CreatedDateTime], [ModifiedByIp], [ModifiedByUserId], [ModifiedDateTime], [IsActive], [IsDeleted]) VALUES (187, 9, 13, 63, N'127.0.0.1      ', NULL, CAST(N'2025-09-28T13:34:55.1466805+00:00' AS DateTimeOffset), NULL, NULL, NULL, 1, 0)
GO
INSERT [dbo].[UserPreferredLocation] ([UserPreferredLocationId], [UserAccountId], [CountryId], [CityId], [CreatedByIp], [CreatedByUserId], [CreatedDateTime], [ModifiedByIp], [ModifiedByUserId], [ModifiedDateTime], [IsActive], [IsDeleted]) VALUES (188, 9, 13, 64, N'127.0.0.1      ', NULL, CAST(N'2025-09-28T13:34:55.1466853+00:00' AS DateTimeOffset), NULL, NULL, NULL, 1, 0)
GO
INSERT [dbo].[UserPreferredLocation] ([UserPreferredLocationId], [UserAccountId], [CountryId], [CityId], [CreatedByIp], [CreatedByUserId], [CreatedDateTime], [ModifiedByIp], [ModifiedByUserId], [ModifiedDateTime], [IsActive], [IsDeleted]) VALUES (189, 9, 13, 65, N'127.0.0.1      ', NULL, CAST(N'2025-09-28T13:34:55.1466906+00:00' AS DateTimeOffset), NULL, NULL, NULL, 1, 0)
GO
INSERT [dbo].[UserPreferredLocation] ([UserPreferredLocationId], [UserAccountId], [CountryId], [CityId], [CreatedByIp], [CreatedByUserId], [CreatedDateTime], [ModifiedByIp], [ModifiedByUserId], [ModifiedDateTime], [IsActive], [IsDeleted]) VALUES (190, 9, 13, 66, N'127.0.0.1      ', NULL, CAST(N'2025-09-28T13:34:55.1466974+00:00' AS DateTimeOffset), NULL, NULL, NULL, 1, 0)
GO
INSERT [dbo].[UserPreferredLocation] ([UserPreferredLocationId], [UserAccountId], [CountryId], [CityId], [CreatedByIp], [CreatedByUserId], [CreatedDateTime], [ModifiedByIp], [ModifiedByUserId], [ModifiedDateTime], [IsActive], [IsDeleted]) VALUES (191, 11, 1, 1, N'127.0.0.1      ', NULL, CAST(N'2025-09-28T13:41:54.3317637+00:00' AS DateTimeOffset), NULL, NULL, NULL, 1, 0)
GO
INSERT [dbo].[UserPreferredLocation] ([UserPreferredLocationId], [UserAccountId], [CountryId], [CityId], [CreatedByIp], [CreatedByUserId], [CreatedDateTime], [ModifiedByIp], [ModifiedByUserId], [ModifiedDateTime], [IsActive], [IsDeleted]) VALUES (192, 11, 1, 2, N'127.0.0.1      ', NULL, CAST(N'2025-09-28T13:41:54.3317722+00:00' AS DateTimeOffset), NULL, NULL, NULL, 1, 0)
GO
INSERT [dbo].[UserPreferredLocation] ([UserPreferredLocationId], [UserAccountId], [CountryId], [CityId], [CreatedByIp], [CreatedByUserId], [CreatedDateTime], [ModifiedByIp], [ModifiedByUserId], [ModifiedDateTime], [IsActive], [IsDeleted]) VALUES (193, 11, 1, 3, N'127.0.0.1      ', NULL, CAST(N'2025-09-28T13:41:54.3317763+00:00' AS DateTimeOffset), NULL, NULL, NULL, 1, 0)
GO
INSERT [dbo].[UserPreferredLocation] ([UserPreferredLocationId], [UserAccountId], [CountryId], [CityId], [CreatedByIp], [CreatedByUserId], [CreatedDateTime], [ModifiedByIp], [ModifiedByUserId], [ModifiedDateTime], [IsActive], [IsDeleted]) VALUES (194, 11, 1, 4, N'127.0.0.1      ', NULL, CAST(N'2025-09-28T13:41:54.3317794+00:00' AS DateTimeOffset), NULL, NULL, NULL, 1, 0)
GO
INSERT [dbo].[UserPreferredLocation] ([UserPreferredLocationId], [UserAccountId], [CountryId], [CityId], [CreatedByIp], [CreatedByUserId], [CreatedDateTime], [ModifiedByIp], [ModifiedByUserId], [ModifiedDateTime], [IsActive], [IsDeleted]) VALUES (195, 11, 1, 5, N'127.0.0.1      ', NULL, CAST(N'2025-09-28T13:41:54.3317813+00:00' AS DateTimeOffset), NULL, NULL, NULL, 1, 0)
GO
INSERT [dbo].[UserPreferredLocation] ([UserPreferredLocationId], [UserAccountId], [CountryId], [CityId], [CreatedByIp], [CreatedByUserId], [CreatedDateTime], [ModifiedByIp], [ModifiedByUserId], [ModifiedDateTime], [IsActive], [IsDeleted]) VALUES (196, 11, 1, 6, N'127.0.0.1      ', NULL, CAST(N'2025-09-28T13:41:54.3317894+00:00' AS DateTimeOffset), NULL, NULL, NULL, 1, 0)
GO
INSERT [dbo].[UserPreferredLocation] ([UserPreferredLocationId], [UserAccountId], [CountryId], [CityId], [CreatedByIp], [CreatedByUserId], [CreatedDateTime], [ModifiedByIp], [ModifiedByUserId], [ModifiedDateTime], [IsActive], [IsDeleted]) VALUES (197, 11, 1, 7, N'127.0.0.1      ', NULL, CAST(N'2025-09-28T13:41:54.3317949+00:00' AS DateTimeOffset), NULL, NULL, NULL, 1, 0)
GO
INSERT [dbo].[UserPreferredLocation] ([UserPreferredLocationId], [UserAccountId], [CountryId], [CityId], [CreatedByIp], [CreatedByUserId], [CreatedDateTime], [ModifiedByIp], [ModifiedByUserId], [ModifiedDateTime], [IsActive], [IsDeleted]) VALUES (198, 11, 1, 8, N'127.0.0.1      ', NULL, CAST(N'2025-09-28T13:41:54.3317968+00:00' AS DateTimeOffset), NULL, NULL, NULL, 1, 0)
GO
INSERT [dbo].[UserPreferredLocation] ([UserPreferredLocationId], [UserAccountId], [CountryId], [CityId], [CreatedByIp], [CreatedByUserId], [CreatedDateTime], [ModifiedByIp], [ModifiedByUserId], [ModifiedDateTime], [IsActive], [IsDeleted]) VALUES (199, 11, 1, 9, N'127.0.0.1      ', NULL, CAST(N'2025-09-28T13:41:54.3318032+00:00' AS DateTimeOffset), NULL, NULL, NULL, 1, 0)
GO
INSERT [dbo].[UserPreferredLocation] ([UserPreferredLocationId], [UserAccountId], [CountryId], [CityId], [CreatedByIp], [CreatedByUserId], [CreatedDateTime], [ModifiedByIp], [ModifiedByUserId], [ModifiedDateTime], [IsActive], [IsDeleted]) VALUES (200, 11, 1, 10, N'127.0.0.1      ', NULL, CAST(N'2025-09-28T13:41:54.3318088+00:00' AS DateTimeOffset), NULL, NULL, NULL, 1, 0)
GO
INSERT [dbo].[UserPreferredLocation] ([UserPreferredLocationId], [UserAccountId], [CountryId], [CityId], [CreatedByIp], [CreatedByUserId], [CreatedDateTime], [ModifiedByIp], [ModifiedByUserId], [ModifiedDateTime], [IsActive], [IsDeleted]) VALUES (201, 11, 1, 11, N'127.0.0.1      ', NULL, CAST(N'2025-09-28T13:41:54.3318108+00:00' AS DateTimeOffset), NULL, NULL, NULL, 1, 0)
GO
INSERT [dbo].[UserPreferredLocation] ([UserPreferredLocationId], [UserAccountId], [CountryId], [CityId], [CreatedByIp], [CreatedByUserId], [CreatedDateTime], [ModifiedByIp], [ModifiedByUserId], [ModifiedDateTime], [IsActive], [IsDeleted]) VALUES (202, 11, 1, 12, N'127.0.0.1      ', NULL, CAST(N'2025-09-28T13:41:54.3318126+00:00' AS DateTimeOffset), NULL, NULL, NULL, 1, 0)
GO
INSERT [dbo].[UserPreferredLocation] ([UserPreferredLocationId], [UserAccountId], [CountryId], [CityId], [CreatedByIp], [CreatedByUserId], [CreatedDateTime], [ModifiedByIp], [ModifiedByUserId], [ModifiedDateTime], [IsActive], [IsDeleted]) VALUES (203, 11, 1, 13, N'127.0.0.1      ', NULL, CAST(N'2025-09-28T13:41:54.3318211+00:00' AS DateTimeOffset), NULL, NULL, NULL, 1, 0)
GO
INSERT [dbo].[UserPreferredLocation] ([UserPreferredLocationId], [UserAccountId], [CountryId], [CityId], [CreatedByIp], [CreatedByUserId], [CreatedDateTime], [ModifiedByIp], [ModifiedByUserId], [ModifiedDateTime], [IsActive], [IsDeleted]) VALUES (204, 11, 1, 14, N'127.0.0.1      ', NULL, CAST(N'2025-09-28T13:41:54.3318234+00:00' AS DateTimeOffset), NULL, NULL, NULL, 1, 0)
GO
INSERT [dbo].[UserPreferredLocation] ([UserPreferredLocationId], [UserAccountId], [CountryId], [CityId], [CreatedByIp], [CreatedByUserId], [CreatedDateTime], [ModifiedByIp], [ModifiedByUserId], [ModifiedDateTime], [IsActive], [IsDeleted]) VALUES (205, 2, 4, 24, N'127.0.0.1      ', NULL, CAST(N'2025-09-28T16:11:31.8336014+00:00' AS DateTimeOffset), NULL, NULL, NULL, 1, 0)
GO
INSERT [dbo].[UserPreferredLocation] ([UserPreferredLocationId], [UserAccountId], [CountryId], [CityId], [CreatedByIp], [CreatedByUserId], [CreatedDateTime], [ModifiedByIp], [ModifiedByUserId], [ModifiedDateTime], [IsActive], [IsDeleted]) VALUES (206, 2, 4, 25, N'127.0.0.1      ', NULL, CAST(N'2025-09-28T16:11:31.8336051+00:00' AS DateTimeOffset), NULL, NULL, NULL, 1, 0)
GO
INSERT [dbo].[UserPreferredLocation] ([UserPreferredLocationId], [UserAccountId], [CountryId], [CityId], [CreatedByIp], [CreatedByUserId], [CreatedDateTime], [ModifiedByIp], [ModifiedByUserId], [ModifiedDateTime], [IsActive], [IsDeleted]) VALUES (207, 2, 4, 26, N'127.0.0.1      ', NULL, CAST(N'2025-09-28T16:11:31.8336075+00:00' AS DateTimeOffset), NULL, NULL, NULL, 1, 0)
GO
INSERT [dbo].[UserPreferredLocation] ([UserPreferredLocationId], [UserAccountId], [CountryId], [CityId], [CreatedByIp], [CreatedByUserId], [CreatedDateTime], [ModifiedByIp], [ModifiedByUserId], [ModifiedDateTime], [IsActive], [IsDeleted]) VALUES (208, 2, 4, 27, N'127.0.0.1      ', NULL, CAST(N'2025-09-28T16:11:31.8336095+00:00' AS DateTimeOffset), NULL, NULL, NULL, 1, 0)
GO
INSERT [dbo].[UserPreferredLocation] ([UserPreferredLocationId], [UserAccountId], [CountryId], [CityId], [CreatedByIp], [CreatedByUserId], [CreatedDateTime], [ModifiedByIp], [ModifiedByUserId], [ModifiedDateTime], [IsActive], [IsDeleted]) VALUES (209, 2, 4, 28, N'127.0.0.1      ', NULL, CAST(N'2025-09-28T16:11:31.8336115+00:00' AS DateTimeOffset), NULL, NULL, NULL, 1, 0)
GO
INSERT [dbo].[UserPreferredLocation] ([UserPreferredLocationId], [UserAccountId], [CountryId], [CityId], [CreatedByIp], [CreatedByUserId], [CreatedDateTime], [ModifiedByIp], [ModifiedByUserId], [ModifiedDateTime], [IsActive], [IsDeleted]) VALUES (210, 2, 5, 29, N'127.0.0.1      ', NULL, CAST(N'2025-09-28T16:11:31.8336156+00:00' AS DateTimeOffset), NULL, NULL, NULL, 1, 0)
GO
INSERT [dbo].[UserPreferredLocation] ([UserPreferredLocationId], [UserAccountId], [CountryId], [CityId], [CreatedByIp], [CreatedByUserId], [CreatedDateTime], [ModifiedByIp], [ModifiedByUserId], [ModifiedDateTime], [IsActive], [IsDeleted]) VALUES (211, 2, 5, 30, N'127.0.0.1      ', NULL, CAST(N'2025-09-28T16:11:31.8336176+00:00' AS DateTimeOffset), NULL, NULL, NULL, 1, 0)
GO
INSERT [dbo].[UserPreferredLocation] ([UserPreferredLocationId], [UserAccountId], [CountryId], [CityId], [CreatedByIp], [CreatedByUserId], [CreatedDateTime], [ModifiedByIp], [ModifiedByUserId], [ModifiedDateTime], [IsActive], [IsDeleted]) VALUES (212, 2, 5, 31, N'127.0.0.1      ', NULL, CAST(N'2025-09-28T16:11:31.8336209+00:00' AS DateTimeOffset), NULL, NULL, NULL, 1, 0)
GO
INSERT [dbo].[UserPreferredLocation] ([UserPreferredLocationId], [UserAccountId], [CountryId], [CityId], [CreatedByIp], [CreatedByUserId], [CreatedDateTime], [ModifiedByIp], [ModifiedByUserId], [ModifiedDateTime], [IsActive], [IsDeleted]) VALUES (213, 2, 5, 32, N'127.0.0.1      ', NULL, CAST(N'2025-09-28T16:11:31.8336229+00:00' AS DateTimeOffset), NULL, NULL, NULL, 1, 0)
GO
INSERT [dbo].[UserPreferredLocation] ([UserPreferredLocationId], [UserAccountId], [CountryId], [CityId], [CreatedByIp], [CreatedByUserId], [CreatedDateTime], [ModifiedByIp], [ModifiedByUserId], [ModifiedDateTime], [IsActive], [IsDeleted]) VALUES (214, 2, 5, 33, N'127.0.0.1      ', NULL, CAST(N'2025-09-28T16:11:31.8336248+00:00' AS DateTimeOffset), NULL, NULL, NULL, 1, 0)
GO
INSERT [dbo].[UserPreferredLocation] ([UserPreferredLocationId], [UserAccountId], [CountryId], [CityId], [CreatedByIp], [CreatedByUserId], [CreatedDateTime], [ModifiedByIp], [ModifiedByUserId], [ModifiedDateTime], [IsActive], [IsDeleted]) VALUES (215, 2, 13, 62, N'127.0.0.1      ', NULL, CAST(N'2025-09-28T16:11:31.8336267+00:00' AS DateTimeOffset), NULL, NULL, NULL, 1, 0)
GO
INSERT [dbo].[UserPreferredLocation] ([UserPreferredLocationId], [UserAccountId], [CountryId], [CityId], [CreatedByIp], [CreatedByUserId], [CreatedDateTime], [ModifiedByIp], [ModifiedByUserId], [ModifiedDateTime], [IsActive], [IsDeleted]) VALUES (216, 2, 13, 63, N'127.0.0.1      ', NULL, CAST(N'2025-09-28T16:11:31.8336286+00:00' AS DateTimeOffset), NULL, NULL, NULL, 1, 0)
GO
INSERT [dbo].[UserPreferredLocation] ([UserPreferredLocationId], [UserAccountId], [CountryId], [CityId], [CreatedByIp], [CreatedByUserId], [CreatedDateTime], [ModifiedByIp], [ModifiedByUserId], [ModifiedDateTime], [IsActive], [IsDeleted]) VALUES (217, 2, 13, 64, N'127.0.0.1      ', NULL, CAST(N'2025-09-28T16:11:31.8336306+00:00' AS DateTimeOffset), NULL, NULL, NULL, 1, 0)
GO
INSERT [dbo].[UserPreferredLocation] ([UserPreferredLocationId], [UserAccountId], [CountryId], [CityId], [CreatedByIp], [CreatedByUserId], [CreatedDateTime], [ModifiedByIp], [ModifiedByUserId], [ModifiedDateTime], [IsActive], [IsDeleted]) VALUES (218, 2, 13, 65, N'127.0.0.1      ', NULL, CAST(N'2025-09-28T16:11:31.8336326+00:00' AS DateTimeOffset), NULL, NULL, NULL, 1, 0)
GO
INSERT [dbo].[UserPreferredLocation] ([UserPreferredLocationId], [UserAccountId], [CountryId], [CityId], [CreatedByIp], [CreatedByUserId], [CreatedDateTime], [ModifiedByIp], [ModifiedByUserId], [ModifiedDateTime], [IsActive], [IsDeleted]) VALUES (219, 2, 13, 66, N'127.0.0.1      ', NULL, CAST(N'2025-09-28T16:11:31.8336345+00:00' AS DateTimeOffset), NULL, NULL, NULL, 1, 0)
GO
INSERT [dbo].[UserPreferredLocation] ([UserPreferredLocationId], [UserAccountId], [CountryId], [CityId], [CreatedByIp], [CreatedByUserId], [CreatedDateTime], [ModifiedByIp], [ModifiedByUserId], [ModifiedDateTime], [IsActive], [IsDeleted]) VALUES (220, 12, 13, 62, N'127.0.0.1      ', NULL, CAST(N'2025-09-28T17:01:54.2395537+00:00' AS DateTimeOffset), NULL, NULL, NULL, 1, 0)
GO
INSERT [dbo].[UserPreferredLocation] ([UserPreferredLocationId], [UserAccountId], [CountryId], [CityId], [CreatedByIp], [CreatedByUserId], [CreatedDateTime], [ModifiedByIp], [ModifiedByUserId], [ModifiedDateTime], [IsActive], [IsDeleted]) VALUES (221, 12, 13, 63, N'127.0.0.1      ', NULL, CAST(N'2025-09-28T17:01:54.2395578+00:00' AS DateTimeOffset), NULL, NULL, NULL, 1, 0)
GO
INSERT [dbo].[UserPreferredLocation] ([UserPreferredLocationId], [UserAccountId], [CountryId], [CityId], [CreatedByIp], [CreatedByUserId], [CreatedDateTime], [ModifiedByIp], [ModifiedByUserId], [ModifiedDateTime], [IsActive], [IsDeleted]) VALUES (222, 12, 13, 64, N'127.0.0.1      ', NULL, CAST(N'2025-09-28T17:01:54.2395601+00:00' AS DateTimeOffset), NULL, NULL, NULL, 1, 0)
GO
INSERT [dbo].[UserPreferredLocation] ([UserPreferredLocationId], [UserAccountId], [CountryId], [CityId], [CreatedByIp], [CreatedByUserId], [CreatedDateTime], [ModifiedByIp], [ModifiedByUserId], [ModifiedDateTime], [IsActive], [IsDeleted]) VALUES (223, 12, 13, 65, N'127.0.0.1      ', NULL, CAST(N'2025-09-28T17:01:54.2395621+00:00' AS DateTimeOffset), NULL, NULL, NULL, 1, 0)
GO
INSERT [dbo].[UserPreferredLocation] ([UserPreferredLocationId], [UserAccountId], [CountryId], [CityId], [CreatedByIp], [CreatedByUserId], [CreatedDateTime], [ModifiedByIp], [ModifiedByUserId], [ModifiedDateTime], [IsActive], [IsDeleted]) VALUES (224, 12, 13, 66, N'127.0.0.1      ', NULL, CAST(N'2025-09-28T17:01:54.2395642+00:00' AS DateTimeOffset), NULL, NULL, NULL, 1, 0)
GO
INSERT [dbo].[UserPreferredLocation] ([UserPreferredLocationId], [UserAccountId], [CountryId], [CityId], [CreatedByIp], [CreatedByUserId], [CreatedDateTime], [ModifiedByIp], [ModifiedByUserId], [ModifiedDateTime], [IsActive], [IsDeleted]) VALUES (225, 13, 13, 65, N'127.0.0.1      ', NULL, CAST(N'2025-09-29T10:52:56.5150527+00:00' AS DateTimeOffset), NULL, NULL, NULL, 1, 0)
GO
SET IDENTITY_INSERT [dbo].[UserPreferredLocation] OFF
GO
SET IDENTITY_INSERT [dbo].[Role] ON 
GO
INSERT [dbo].[Role] ([RoleId], [RoleName], [CreatedByIp], [CreatedByUserId], [CreatedDateTime], [ModifiedByIp], [ModifiedByUserId], [ModifiedDateTime], [IsActive], [IsDeleted]) VALUES (1, N'Administrator', NULL, NULL, CAST(N'0001-01-01T00:00:00.0000000+00:00' AS DateTimeOffset), NULL, NULL, NULL, 1, 0)
GO
INSERT [dbo].[Role] ([RoleId], [RoleName], [CreatedByIp], [CreatedByUserId], [CreatedDateTime], [ModifiedByIp], [ModifiedByUserId], [ModifiedDateTime], [IsActive], [IsDeleted]) VALUES (2, N'Manager', NULL, NULL, CAST(N'0001-01-01T00:00:00.0000000+00:00' AS DateTimeOffset), NULL, NULL, NULL, 1, 0)
GO
INSERT [dbo].[Role] ([RoleId], [RoleName], [CreatedByIp], [CreatedByUserId], [CreatedDateTime], [ModifiedByIp], [ModifiedByUserId], [ModifiedDateTime], [IsActive], [IsDeleted]) VALUES (3, N'User', NULL, NULL, CAST(N'0001-01-01T00:00:00.0000000+00:00' AS DateTimeOffset), NULL, NULL, NULL, 1, 0)
GO
SET IDENTITY_INSERT [dbo].[Role] OFF
GO
SET IDENTITY_INSERT [dbo].[UserRole] ON 
GO
INSERT [dbo].[UserRole] ([UserRoleId], [RoleId], [UserAccountId], [CreatedByIp], [CreatedByUserId], [CreatedDateTime], [ModifiedByIp], [ModifiedByUserId], [ModifiedDateTime], [IsActive], [IsDeleted]) VALUES (1, 3, 1, N'127.0.0.1      ', NULL, CAST(N'2025-09-26T20:41:34.6403868+00:00' AS DateTimeOffset), NULL, NULL, NULL, 1, 0)
GO
INSERT [dbo].[UserRole] ([UserRoleId], [RoleId], [UserAccountId], [CreatedByIp], [CreatedByUserId], [CreatedDateTime], [ModifiedByIp], [ModifiedByUserId], [ModifiedDateTime], [IsActive], [IsDeleted]) VALUES (3, 3, 3, N'127.0.0.1      ', NULL, CAST(N'2025-09-26T20:44:01.1143408+00:00' AS DateTimeOffset), NULL, NULL, NULL, 1, 0)
GO
INSERT [dbo].[UserRole] ([UserRoleId], [RoleId], [UserAccountId], [CreatedByIp], [CreatedByUserId], [CreatedDateTime], [ModifiedByIp], [ModifiedByUserId], [ModifiedDateTime], [IsActive], [IsDeleted]) VALUES (4, 3, 4, N'127.0.0.1      ', NULL, CAST(N'2025-09-26T21:08:13.7354941+00:00' AS DateTimeOffset), NULL, NULL, NULL, 1, 0)
GO
INSERT [dbo].[UserRole] ([UserRoleId], [RoleId], [UserAccountId], [CreatedByIp], [CreatedByUserId], [CreatedDateTime], [ModifiedByIp], [ModifiedByUserId], [ModifiedDateTime], [IsActive], [IsDeleted]) VALUES (5, 3, 5, N'127.0.0.1      ', NULL, CAST(N'2025-09-27T22:27:06.3607886+00:00' AS DateTimeOffset), NULL, NULL, NULL, 1, 0)
GO
INSERT [dbo].[UserRole] ([UserRoleId], [RoleId], [UserAccountId], [CreatedByIp], [CreatedByUserId], [CreatedDateTime], [ModifiedByIp], [ModifiedByUserId], [ModifiedDateTime], [IsActive], [IsDeleted]) VALUES (6, 3, 6, N'127.0.0.1      ', NULL, CAST(N'2025-09-28T04:08:22.4410202+00:00' AS DateTimeOffset), NULL, NULL, NULL, 1, 0)
GO
INSERT [dbo].[UserRole] ([UserRoleId], [RoleId], [UserAccountId], [CreatedByIp], [CreatedByUserId], [CreatedDateTime], [ModifiedByIp], [ModifiedByUserId], [ModifiedDateTime], [IsActive], [IsDeleted]) VALUES (7, 3, 7, N'127.0.0.1      ', NULL, CAST(N'2025-09-28T04:12:27.3548967+00:00' AS DateTimeOffset), NULL, NULL, NULL, 1, 0)
GO
INSERT [dbo].[UserRole] ([UserRoleId], [RoleId], [UserAccountId], [CreatedByIp], [CreatedByUserId], [CreatedDateTime], [ModifiedByIp], [ModifiedByUserId], [ModifiedDateTime], [IsActive], [IsDeleted]) VALUES (8, 3, 8, N'127.0.0.1      ', NULL, CAST(N'2025-09-28T04:18:22.8834569+00:00' AS DateTimeOffset), NULL, NULL, NULL, 1, 0)
GO
INSERT [dbo].[UserRole] ([UserRoleId], [RoleId], [UserAccountId], [CreatedByIp], [CreatedByUserId], [CreatedDateTime], [ModifiedByIp], [ModifiedByUserId], [ModifiedDateTime], [IsActive], [IsDeleted]) VALUES (9, 3, 9, N'127.0.0.1      ', NULL, CAST(N'2025-09-28T13:33:13.4113465+00:00' AS DateTimeOffset), NULL, NULL, NULL, 1, 0)
GO
INSERT [dbo].[UserRole] ([UserRoleId], [RoleId], [UserAccountId], [CreatedByIp], [CreatedByUserId], [CreatedDateTime], [ModifiedByIp], [ModifiedByUserId], [ModifiedDateTime], [IsActive], [IsDeleted]) VALUES (10, 3, 10, N'127.0.0.1      ', NULL, CAST(N'2025-09-28T13:38:32.4470798+00:00' AS DateTimeOffset), NULL, NULL, NULL, 1, 0)
GO
INSERT [dbo].[UserRole] ([UserRoleId], [RoleId], [UserAccountId], [CreatedByIp], [CreatedByUserId], [CreatedDateTime], [ModifiedByIp], [ModifiedByUserId], [ModifiedDateTime], [IsActive], [IsDeleted]) VALUES (11, 3, 11, N'127.0.0.1      ', NULL, CAST(N'2025-09-28T13:40:27.9633833+00:00' AS DateTimeOffset), NULL, NULL, NULL, 1, 0)
GO
INSERT [dbo].[UserRole] ([UserRoleId], [RoleId], [UserAccountId], [CreatedByIp], [CreatedByUserId], [CreatedDateTime], [ModifiedByIp], [ModifiedByUserId], [ModifiedDateTime], [IsActive], [IsDeleted]) VALUES (12, 3, 2, N'127.0.0.1      ', NULL, CAST(N'2025-09-28T16:10:44.4956647+00:00' AS DateTimeOffset), NULL, NULL, NULL, 1, 0)
GO
INSERT [dbo].[UserRole] ([UserRoleId], [RoleId], [UserAccountId], [CreatedByIp], [CreatedByUserId], [CreatedDateTime], [ModifiedByIp], [ModifiedByUserId], [ModifiedDateTime], [IsActive], [IsDeleted]) VALUES (13, 3, 12, N'127.0.0.1      ', NULL, CAST(N'2025-09-28T17:00:10.8540763+00:00' AS DateTimeOffset), NULL, NULL, NULL, 1, 0)
GO
SET IDENTITY_INSERT [dbo].[UserRole] OFF
GO
SET IDENTITY_INSERT [dbo].[Wallet] ON 
GO
INSERT [dbo].[Wallet] ([WalletId], [UserAccountId], [Currency], [Balance], [Reserved], [CreatedByIp], [CreatedByUserId], [CreatedDateTime], [ModifiedByIp], [ModifiedByUserId], [ModifiedDateTime], [IsActive], [IsDeleted]) VALUES (1, 1, 1, CAST(0.050000 AS Decimal(28, 6)), CAST(0.000000 AS Decimal(28, 6)), N'127.0.0.1      ', NULL, CAST(N'2025-09-26T20:42:44.3250924+00:00' AS DateTimeOffset), N'127.0.0.1      ', NULL, CAST(N'2025-09-28T16:10:20.8189280+00:00' AS DateTimeOffset), 1, 0)
GO
SET IDENTITY_INSERT [dbo].[Wallet] OFF
GO
SET IDENTITY_INSERT [dbo].[WalletTransaction] ON 
GO
INSERT [dbo].[WalletTransaction] ([WalletTransactionId], [WalletId], [Amount], [TransactionType], [RelatedEntity], [BalanceAfter], [CreatedByIp], [CreatedByUserId], [CreatedDateTime], [ModifiedByIp], [ModifiedByUserId], [ModifiedDateTime], [IsActive], [IsDeleted]) VALUES (1, 1, CAST(0.010000 AS Decimal(28, 6)), 1, NULL, CAST(0.000000 AS Decimal(28, 6)), N'127.0.0.1      ', NULL, CAST(N'2025-09-26T20:42:44.3252705+00:00' AS DateTimeOffset), NULL, NULL, NULL, 1, 0)
GO
INSERT [dbo].[WalletTransaction] ([WalletTransactionId], [WalletId], [Amount], [TransactionType], [RelatedEntity], [BalanceAfter], [CreatedByIp], [CreatedByUserId], [CreatedDateTime], [ModifiedByIp], [ModifiedByUserId], [ModifiedDateTime], [IsActive], [IsDeleted]) VALUES (2, 1, CAST(0.010000 AS Decimal(28, 6)), 1, NULL, CAST(0.000000 AS Decimal(28, 6)), N'127.0.0.1      ', NULL, CAST(N'2025-09-26T20:43:53.1976188+00:00' AS DateTimeOffset), NULL, NULL, NULL, 1, 0)
GO
INSERT [dbo].[WalletTransaction] ([WalletTransactionId], [WalletId], [Amount], [TransactionType], [RelatedEntity], [BalanceAfter], [CreatedByIp], [CreatedByUserId], [CreatedDateTime], [ModifiedByIp], [ModifiedByUserId], [ModifiedDateTime], [IsActive], [IsDeleted]) VALUES (3, 1, CAST(0.010000 AS Decimal(28, 6)), 1, NULL, CAST(0.000000 AS Decimal(28, 6)), N'127.0.0.1      ', NULL, CAST(N'2025-09-26T21:08:05.0431979+00:00' AS DateTimeOffset), NULL, NULL, NULL, 1, 0)
GO
INSERT [dbo].[WalletTransaction] ([WalletTransactionId], [WalletId], [Amount], [TransactionType], [RelatedEntity], [BalanceAfter], [CreatedByIp], [CreatedByUserId], [CreatedDateTime], [ModifiedByIp], [ModifiedByUserId], [ModifiedDateTime], [IsActive], [IsDeleted]) VALUES (4, 1, CAST(0.010000 AS Decimal(28, 6)), 1, NULL, CAST(0.000000 AS Decimal(28, 6)), N'127.0.0.1      ', NULL, CAST(N'2025-09-28T04:08:16.2448600+00:00' AS DateTimeOffset), NULL, NULL, NULL, 1, 0)
GO
INSERT [dbo].[WalletTransaction] ([WalletTransactionId], [WalletId], [Amount], [TransactionType], [RelatedEntity], [BalanceAfter], [CreatedByIp], [CreatedByUserId], [CreatedDateTime], [ModifiedByIp], [ModifiedByUserId], [ModifiedDateTime], [IsActive], [IsDeleted]) VALUES (5, 1, CAST(0.010000 AS Decimal(28, 6)), 1, NULL, CAST(0.000000 AS Decimal(28, 6)), N'127.0.0.1      ', NULL, CAST(N'2025-09-28T16:10:20.8188808+00:00' AS DateTimeOffset), NULL, NULL, NULL, 1, 0)
GO
SET IDENTITY_INSERT [dbo].[WalletTransaction] OFF
GO
SET IDENTITY_INSERT [dbo].[RequestItemType] ON 
GO
INSERT [dbo].[RequestItemType] ([RequestItemTypeId], [RequestId], [ItemType], [CreatedByIp], [CreatedByUserId], [CreatedDateTime], [ModifiedByIp], [ModifiedByUserId], [ModifiedDateTime], [IsActive], [IsDeleted]) VALUES (1, 1, 3, N'127.0.0.1      ', NULL, CAST(N'2025-09-28T03:41:22.0776799+00:00' AS DateTimeOffset), NULL, NULL, NULL, 1, 0)
GO
INSERT [dbo].[RequestItemType] ([RequestItemTypeId], [RequestId], [ItemType], [CreatedByIp], [CreatedByUserId], [CreatedDateTime], [ModifiedByIp], [ModifiedByUserId], [ModifiedDateTime], [IsActive], [IsDeleted]) VALUES (2, 1, 4, N'127.0.0.1      ', NULL, CAST(N'2025-09-28T03:41:22.0776841+00:00' AS DateTimeOffset), NULL, NULL, NULL, 1, 0)
GO
INSERT [dbo].[RequestItemType] ([RequestItemTypeId], [RequestId], [ItemType], [CreatedByIp], [CreatedByUserId], [CreatedDateTime], [ModifiedByIp], [ModifiedByUserId], [ModifiedDateTime], [IsActive], [IsDeleted]) VALUES (3, 1, 1, N'127.0.0.1      ', NULL, CAST(N'2025-09-28T03:41:22.0776861+00:00' AS DateTimeOffset), NULL, NULL, NULL, 1, 0)
GO
INSERT [dbo].[RequestItemType] ([RequestItemTypeId], [RequestId], [ItemType], [CreatedByIp], [CreatedByUserId], [CreatedDateTime], [ModifiedByIp], [ModifiedByUserId], [ModifiedDateTime], [IsActive], [IsDeleted]) VALUES (4, 1, 2, N'127.0.0.1      ', NULL, CAST(N'2025-09-28T03:41:22.0776879+00:00' AS DateTimeOffset), NULL, NULL, NULL, 1, 0)
GO
INSERT [dbo].[RequestItemType] ([RequestItemTypeId], [RequestId], [ItemType], [CreatedByIp], [CreatedByUserId], [CreatedDateTime], [ModifiedByIp], [ModifiedByUserId], [ModifiedDateTime], [IsActive], [IsDeleted]) VALUES (5, 2, 1, N'127.0.0.1      ', NULL, CAST(N'2025-09-28T04:16:47.7353680+00:00' AS DateTimeOffset), NULL, NULL, NULL, 1, 0)
GO
INSERT [dbo].[RequestItemType] ([RequestItemTypeId], [RequestId], [ItemType], [CreatedByIp], [CreatedByUserId], [CreatedDateTime], [ModifiedByIp], [ModifiedByUserId], [ModifiedDateTime], [IsActive], [IsDeleted]) VALUES (6, 2, 4, N'127.0.0.1      ', NULL, CAST(N'2025-09-28T04:16:47.7353706+00:00' AS DateTimeOffset), NULL, NULL, NULL, 1, 0)
GO
INSERT [dbo].[RequestItemType] ([RequestItemTypeId], [RequestId], [ItemType], [CreatedByIp], [CreatedByUserId], [CreatedDateTime], [ModifiedByIp], [ModifiedByUserId], [ModifiedDateTime], [IsActive], [IsDeleted]) VALUES (7, 3, 1, N'127.0.0.1      ', NULL, CAST(N'2025-09-28T04:19:27.5334505+00:00' AS DateTimeOffset), NULL, NULL, NULL, 1, 0)
GO
INSERT [dbo].[RequestItemType] ([RequestItemTypeId], [RequestId], [ItemType], [CreatedByIp], [CreatedByUserId], [CreatedDateTime], [ModifiedByIp], [ModifiedByUserId], [ModifiedDateTime], [IsActive], [IsDeleted]) VALUES (8, 4, 1, N'127.0.0.1      ', NULL, CAST(N'2025-09-28T04:23:12.2556661+00:00' AS DateTimeOffset), NULL, NULL, NULL, 1, 0)
GO
INSERT [dbo].[RequestItemType] ([RequestItemTypeId], [RequestId], [ItemType], [CreatedByIp], [CreatedByUserId], [CreatedDateTime], [ModifiedByIp], [ModifiedByUserId], [ModifiedDateTime], [IsActive], [IsDeleted]) VALUES (9, 4, 4, N'127.0.0.1      ', NULL, CAST(N'2025-09-28T04:23:12.2556711+00:00' AS DateTimeOffset), NULL, NULL, NULL, 1, 0)
GO
INSERT [dbo].[RequestItemType] ([RequestItemTypeId], [RequestId], [ItemType], [CreatedByIp], [CreatedByUserId], [CreatedDateTime], [ModifiedByIp], [ModifiedByUserId], [ModifiedDateTime], [IsActive], [IsDeleted]) VALUES (10, 5, 1, N'127.0.0.1      ', NULL, CAST(N'2025-09-28T13:35:52.9999697+00:00' AS DateTimeOffset), NULL, NULL, NULL, 1, 0)
GO
INSERT [dbo].[RequestItemType] ([RequestItemTypeId], [RequestId], [ItemType], [CreatedByIp], [CreatedByUserId], [CreatedDateTime], [ModifiedByIp], [ModifiedByUserId], [ModifiedDateTime], [IsActive], [IsDeleted]) VALUES (11, 5, 4, N'127.0.0.1      ', NULL, CAST(N'2025-09-28T13:35:52.9999826+00:00' AS DateTimeOffset), NULL, NULL, NULL, 1, 0)
GO
INSERT [dbo].[RequestItemType] ([RequestItemTypeId], [RequestId], [ItemType], [CreatedByIp], [CreatedByUserId], [CreatedDateTime], [ModifiedByIp], [ModifiedByUserId], [ModifiedDateTime], [IsActive], [IsDeleted]) VALUES (12, 6, 1, N'127.0.0.1      ', NULL, CAST(N'2025-09-28T13:39:46.7918432+00:00' AS DateTimeOffset), NULL, NULL, NULL, 1, 0)
GO
INSERT [dbo].[RequestItemType] ([RequestItemTypeId], [RequestId], [ItemType], [CreatedByIp], [CreatedByUserId], [CreatedDateTime], [ModifiedByIp], [ModifiedByUserId], [ModifiedDateTime], [IsActive], [IsDeleted]) VALUES (13, 7, 1, N'127.0.0.1      ', NULL, CAST(N'2025-09-28T13:43:09.0484598+00:00' AS DateTimeOffset), NULL, NULL, NULL, 1, 0)
GO
SET IDENTITY_INSERT [dbo].[RequestItemType] OFF
GO
SET IDENTITY_INSERT [dbo].[Referral] ON 
GO
INSERT [dbo].[Referral] ([ReferralId], [InviteeTelegramUserId], [ReferralCode], [InviterUserId], [Status], [CreatedAt], [CompletedAt], [CreatedByIp], [CreatedByUserId], [CreatedDateTime], [ModifiedByIp], [ModifiedByUserId], [ModifiedDateTime], [IsActive], [IsDeleted]) VALUES (2, 8485914744, N'yTYpqf', 5933914644, 1, CAST(N'2025-09-26T20:43:53.1916401' AS DateTime2), NULL, N'127.0.0.1      ', NULL, CAST(N'2025-09-26T20:43:53.1920083+00:00' AS DateTimeOffset), NULL, NULL, NULL, 1, 0)
GO
INSERT [dbo].[Referral] ([ReferralId], [InviteeTelegramUserId], [ReferralCode], [InviterUserId], [Status], [CreatedAt], [CompletedAt], [CreatedByIp], [CreatedByUserId], [CreatedDateTime], [ModifiedByIp], [ModifiedByUserId], [ModifiedDateTime], [IsActive], [IsDeleted]) VALUES (3, 1897629329, N'yTYpqf', 5933914644, 1, CAST(N'2025-09-26T21:08:05.0376871' AS DateTime2), NULL, N'127.0.0.1      ', NULL, CAST(N'2025-09-26T21:08:05.0385473+00:00' AS DateTimeOffset), NULL, NULL, NULL, 1, 0)
GO
INSERT [dbo].[Referral] ([ReferralId], [InviteeTelegramUserId], [ReferralCode], [InviterUserId], [Status], [CreatedAt], [CompletedAt], [CreatedByIp], [CreatedByUserId], [CreatedDateTime], [ModifiedByIp], [ModifiedByUserId], [ModifiedDateTime], [IsActive], [IsDeleted]) VALUES (4, 61752134, N'yTYpqf', 5933914644, 1, CAST(N'2025-09-28T04:08:16.2267711' AS DateTime2), NULL, N'127.0.0.1      ', NULL, CAST(N'2025-09-28T04:08:16.2271199+00:00' AS DateTimeOffset), NULL, NULL, NULL, 1, 0)
GO
INSERT [dbo].[Referral] ([ReferralId], [InviteeTelegramUserId], [ReferralCode], [InviterUserId], [Status], [CreatedAt], [CompletedAt], [CreatedByIp], [CreatedByUserId], [CreatedDateTime], [ModifiedByIp], [ModifiedByUserId], [ModifiedDateTime], [IsActive], [IsDeleted]) VALUES (5, 1030212127, N'yTYpqf', 5933914644, 1, CAST(N'2025-09-28T16:10:20.5744887' AS DateTime2), NULL, N'127.0.0.1      ', NULL, CAST(N'2025-09-28T16:10:20.5825353+00:00' AS DateTimeOffset), NULL, NULL, NULL, 1, 0)
GO
SET IDENTITY_INSERT [dbo].[Referral] OFF
GO
